module,operator_class,hub_family,weather_bucket,period_flag,flights_total,cancelled_count,operated_count,severe_delay_count,controllable_cancel_count,controllable_severe_delay_count,late_arriving_severe_delay_count,carrier_delay_minutes_sum,late_aircraft_delay_minutes_sum,cancellation_rate,severe_delay_rate,controllable_cancel_rate,controllable_severe_delay_rate,late_arriving_severe_delay_rate,weather_fragility_rate,baseline_label,excess_cancelled_vs_baseline,excess_controllable_delay_minutes,excess_cascade_delay_minutes,economic_burden_proxy_usd,economic_burden_proxy_usd_per_1000_flights,combined_fragility_score
focal_corridor,Envoy_operated,focal_corridor,adverse,baseline,250,18,228,57,1,3,17,679.0,2881.0,0.072,0.228,0.004,0.012,0.068,0.3,ua_dl_peer_average,10.02,-1485.0,-125.1,-160661.47,-642645.9,0.095
focal_corridor,Envoy_operated,focal_corridor,adverse,recent,283,26,255,72,0,6,26,1954.0,5204.0,0.0919,0.2544,0.0,0.0212,0.0919,0.3463,ua_dl_peer_average,12.52,-1608.1,3075.3,152507.86,538897.04,0.1148
focal_corridor,Envoy_operated,focal_corridor,benign,baseline,2954,33,2921,191,1,39,112,8818.0,18023.0,0.0112,0.0647,0.0003,0.0132,0.0379,0.0758,ua_dl_peer_average,4.52,-5712.5,9049.3,340107.93,115134.71,0.0317
focal_corridor,Envoy_operated,focal_corridor,benign,recent,3171,69,3100,170,5,41,92,13719.0,14914.0,0.0218,0.0536,0.0016,0.0129,0.029,0.0754,ua_dl_peer_average,26.94,-14542.3,4594.6,-1002524.32,-316153.99,0.0293
focal_corridor,Envoy_operated,focal_corridor,marginal,baseline,439,19,420,52,0,8,21,1090.0,3999.0,0.0433,0.1185,0.0,0.0182,0.0478,0.1617,ua_dl_peer_average,6.92,-4236.9,2237.3,-201092.43,-458069.32,0.0569
focal_corridor,Envoy_operated,focal_corridor,marginal,recent,423,28,394,40,0,10,19,2497.0,3535.0,0.0662,0.0946,0.0,0.0236,0.0449,0.1608,ua_dl_peer_average,16.14,-2275.0,1333.8,-91015.85,-215167.49,0.0573
focal_corridor,Envoy_operated,focal_corridor,unknown,recent,10,0,10,0,0,0,0,0.0,0.0,0.0,0.0,0.0,0.0,0.0,0.0,ua_dl_peer_average,0.0,0.0,0.0,0.0,0.0,0.0
focal_corridor,OO_AA_contract,focal_corridor,adverse,baseline,153,12,140,38,0,16,1,3806.0,214.0,0.0784,0.2484,0.0,0.1046,0.0065,0.3268,ua_dl_peer_average,7.12,2477.2,-1631.8,87853.99,574209.09,0.1095
focal_corridor,OO_AA_contract,focal_corridor,adverse,recent,197,30,164,55,1,11,3,2632.0,456.0,0.1523,0.2792,0.0051,0.0558,0.0152,0.4315,ua_dl_peer_average,20.62,341.1,-913.1,-52270.0,-265329.97,0.1256
focal_corridor,OO_AA_contract,focal_corridor,benign,baseline,2068,27,2039,129,0,82,14,19326.0,3006.0,0.0131,0.0624,0.0,0.0397,0.0068,0.0754,ua_dl_peer_average,7.06,9183.0,-3258.1,603630.65,291891.03,0.0305
focal_corridor,OO_AA_contract,focal_corridor,benign,recent,2096,60,2034,224,0,111,25,25892.0,5289.0,0.0286,0.1069,0.0,0.053,0.0119,0.1355,ua_dl_peer_average,32.2,7349.0,-1481.9,604843.98,288570.6,0.0501
focal_corridor,OO_AA_contract,focal_corridor,marginal,baseline,351,14,336,49,0,16,5,2900.0,482.0,0.0399,0.1396,0.0,0.0456,0.0142,0.1795,ua_dl_peer_average,4.34,-1361.5,-927.4,-231194.46,-658673.67,0.0598
focal_corridor,OO_AA_contract,focal_corridor,marginal,recent,297,26,271,38,0,12,0,2651.0,194.0,0.0875,0.1279,0.0,0.0404,0.0,0.2155,ua_dl_peer_average,17.67,-631.2,-1320.0,-193152.88,-650346.4,0.064
focal_corridor,OO_AA_contract,focal_corridor,unknown,recent,5,0,5,0,0,0,0,0.0,0.0,0.0,0.0,0.0,0.0,0.0,0.0,ua_dl_peer_average,0.0,0.0,0.0,0.0,0.0,0.0
focal_corridor,OO_DL_contract,focal_corridor,adverse,baseline,46,1,45,7,0,6,0,1445.0,0.0,0.0217,0.1522,0.0,0.1304,0.0,0.1739,ua_dl_peer_average,-0.47,1017.9,-593.3,42983.3,934419.55,0.0761
focal_corridor,OO_DL_contract,focal_corridor,adverse,recent,120,5,110,25,1,10,0,2093.0,0.0,0.0417,0.2083,0.0083,0.0833,0.0,0.25,ua_dl_peer_average,-0.71,556.4,-918.3,-36948.93,-307907.77,0.0833
focal_corridor,OO_DL_contract,focal_corridor,benign,baseline,429,2,427,36,1,32,0,6051.0,0.0,0.0047,0.0839,0.0023,0.0746,0.0,0.0886,ua_dl_peer_average,-2.14,3926.9,-1311.8,264943.09,617582.96,0.0408
focal_corridor,OO_DL_contract,focal_corridor,benign,recent,1175,22,1150,108,0,89,0,15912.0,0.0,0.0187,0.0919,0.0,0.0757,0.0,0.1106,ua_dl_peer_average,6.41,5428.0,-3828.2,164258.96,139794.86,0.0466
focal_corridor,OO_DL_contract,focal_corridor,marginal,baseline,66,3,62,9,0,5,0,1814.0,0.0,0.0455,0.1364,0.0,0.0758,0.0,0.1818,ua_dl_peer_average,1.18,1027.7,-260.1,78277.58,1186023.89,0.0644
focal_corridor,OO_DL_contract,focal_corridor,marginal,recent,229,4,224,22,0,15,0,3681.0,0.0,0.0175,0.0961,0.0,0.0655,0.0,0.1135,ua_dl_peer_average,-2.42,968.0,-1251.4,-29463.0,-128659.39,0.0448
focal_corridor,OO_DL_contract,focal_corridor,unknown,recent,2,0,2,0,0,0,0,0.0,0.0,0.0,0.0,0.0,0.0,0.0,0.0,ua_dl_peer_average,0.0,0.0,0.0,0.0,0.0,0.0
focal_corridor,OO_UA_contract,focal_corridor,adverse,baseline,32,2,30,10,0,3,3,1045.0,468.0,0.0625,0.3125,0.0,0.0938,0.0938,0.375,ua_dl_peer_average,0.98,760.3,72.5,84834.52,2651078.7,0.1406
focal_corridor,OO_UA_contract,focal_corridor,adverse,recent,171,11,160,34,0,13,7,3526.0,2272.0,0.0643,0.1988,0.0,0.076,0.0409,0.2632,ua_dl_peer_average,2.86,1290.9,936.3,226968.22,1327299.5,0.095
focal_corridor,OO_UA_contract,focal_corridor,benign,baseline,323,4,319,25,0,12,9,2698.0,1494.0,0.0124,0.0774,0.0,0.0372,0.0279,0.0898,ua_dl_peer_average,0.89,1111.1,514.0,165270.89,511674.58,0.0387
focal_corridor,OO_UA_contract,focal_corridor,benign,recent,1580,16,1564,138,0,62,41,12527.0,7520.0,0.0101,0.0873,0.0,0.0392,0.0259,0.0975,ua_dl_peer_average,-4.96,-1731.3,2313.7,57743.05,36546.23,0.0407
focal_corridor,OO_UA_contract,focal_corridor,marginal,baseline,69,2,64,12,0,6,3,1786.0,334.0,0.029,0.1739,0.0,0.087,0.0435,0.2029,ua_dl_peer_average,0.1,974.3,65.5,105616.95,1530680.39,0.0833
focal_corridor,OO_UA_contract,focal_corridor,marginal,recent,206,7,199,32,0,16,10,2337.0,1921.0,0.034,0.1553,0.0,0.0777,0.0485,0.1893,ua_dl_peer_average,1.22,-73.2,809.2,75084.08,364485.84,0.0789
focal_corridor,OO_UA_contract,focal_corridor,unknown,recent,3,0,3,0,0,0,0,0.0,0.0,0.0,0.0,0.0,0.0,0.0,0.0,ua_dl_peer_average,0.0,0.0,0.0,0.0,0.0,0.0
focal_corridor,Other_or_non_AA,focal_corridor,adverse,baseline,392,12,375,49,7,9,25,1781.0,5465.0,0.0306,0.125,0.0179,0.023,0.0638,0.1556,ua_dl_peer_average,-0.51,-1778.2,520.8,-127817.82,-326065.86,0.0606
focal_corridor,Other_or_non_AA,focal_corridor,adverse,recent,192,7,184,28,2,2,10,723.0,1518.0,0.0365,0.1458,0.0104,0.0104,0.0521,0.1823,ua_dl_peer_average,-2.14,-1847.3,-18.0,-190019.28,-989683.77,0.0612
focal_corridor,Other_or_non_AA,focal_corridor,benign,baseline,3604,36,3566,130,26,48,66,12701.0,11753.0,0.01,0.0361,0.0072,0.0133,0.0183,0.0461,ua_dl_peer_average,1.25,-5038.0,797.8,-430213.98,-119371.25,0.0194
focal_corridor,Other_or_non_AA,focal_corridor,benign,recent,1693,21,1671,83,9,35,40,11537.0,7077.0,0.0124,0.049,0.0053,0.0207,0.0236,0.0614,ua_dl_peer_average,-1.46,-3696.7,1514.5,-222002.01,-131129.36,0.0264
focal_corridor,Other_or_non_AA,focal_corridor,marginal,baseline,628,16,609,43,5,16,19,5722.0,2749.0,0.0255,0.0685,0.008,0.0255,0.0303,0.0939,ua_dl_peer_average,-1.28,-2001.9,194.5,-183894.52,-292825.67,0.0374
focal_corridor,Other_or_non_AA,focal_corridor,marginal,recent,314,10,303,24,4,7,13,2775.0,2135.0,0.0318,0.0764,0.0127,0.0223,0.0414,0.1083,ua_dl_peer_average,1.2,-894.8,442.2,-45621.08,-145290.07,0.043
focal_corridor,Other_or_non_AA,focal_corridor,unknown,recent,5,0,5,0,0,0,0,0.0,0.0,0.0,0.0,0.0,0.0,0.0,0.0,ua_dl_peer_average,0.0,0.0,0.0,0.0,0.0,0.0
focal_corridor,PSA_operated,focal_corridor,adverse,baseline,207,20,185,56,0,8,17,3101.0,3730.0,0.0966,0.2705,0.0,0.0386,0.0821,0.3671,ua_dl_peer_average,13.39,1345.1,1290.9,271447.48,1311340.5,0.122
focal_corridor,PSA_operated,focal_corridor,adverse,recent,240,28,211,50,0,9,28,1915.0,5697.0,0.1167,0.2083,0.0,0.0375,0.1167,0.325,ua_dl_peer_average,16.57,-1032.5,3935.6,299461.04,1247754.35,0.1198
focal_corridor,PSA_operated,focal_corridor,benign,baseline,2057,42,2013,196,7,42,127,12602.0,26668.0,0.0204,0.0953,0.0034,0.0204,0.0617,0.1157,ua_dl_peer_average,22.17,2588.4,20483.8,2349075.62,1141991.07,0.0495
focal_corridor,PSA_operated,focal_corridor,benign,recent,2237,74,2159,289,16,56,199,14825.0,32298.0,0.0331,0.1292,0.0072,0.025,0.089,0.1623,ua_dl_peer_average,44.33,-4857.6,25111.0,2069100.18,924944.2,0.0691
focal_corridor,PSA_operated,focal_corridor,marginal,baseline,319,22,294,47,4,10,20,2138.0,3413.0,0.069,0.1473,0.0125,0.0313,0.0627,0.2163,ua_dl_peer_average,13.22,-1590.8,2179.8,63537.12,199175.91,0.0776
focal_corridor,PSA_operated,focal_corridor,marginal,recent,289,22,265,47,2,5,30,1527.0,5029.0,0.0761,0.1626,0.0069,0.0173,0.1038,0.2388,ua_dl_peer_average,13.9,-1682.6,3548.5,193392.58,669178.46,0.09
focal_corridor,PSA_operated,focal_corridor,unknown,recent,8,0,8,1,0,0,1,2.0,330.0,0.0,0.125,0.0,0.0,0.125,0.125,ua_dl_peer_average,0.0,2.0,330.0,33712.39,4214048.33,0.0625
hub_spoke,AA_mainline,CLT,adverse,baseline,11955,354,11407,2290,10,313,1065,84048.0,190536.0,0.0296,0.1916,0.0008,0.0262,0.0891,0.2212,aa_system_average,-68.87,7348.7,10984.2,1842158.55,154091.05,0.0841
hub_spoke,AA_mainline,CLT,adverse,recent,11248,681,10424,2094,24,251,809,75698.0,154600.0,0.0605,0.1862,0.0021,0.0223,0.0719,0.2467,aa_system_average,-161.52,-1480.1,-2017.2,-400678.32,-35622.18,0.0852
hub_spoke,AA_mainline,CLT,benign,baseline,177914,1792,175911,16490,304,4526,10275,1212091.0,1792374.0,0.0101,0.0927,0.0017,0.0254,0.0578,0.1028,aa_system_average,205.08,156368.1,194623.6,35698702.45,200651.45,0.0465
hub_spoke,AA_mainline,CLT,benign,recent,164541,1282,163095,11405,203,3271,6592,849847.0,1126662.0,0.0078,0.0693,0.0012,0.0199,0.0401,0.0771,aa_system_average,-565.79,13875.6,-56993.2,-4537858.65,-27578.89,0.0343
hub_spoke,AA_mainline,CLT,marginal,baseline,32981,880,32009,3952,106,943,2175,264012.0,382264.0,0.0267,0.1198,0.0032,0.0286,0.0659,0.1465,aa_system_average,-33.89,30798.4,18700.8,5016766.48,152110.81,0.0603
hub_spoke,AA_mainline,CLT,marginal,recent,31190,750,30375,3032,43,785,1554,204655.0,263734.0,0.024,0.0972,0.0014,0.0252,0.0498,0.1213,aa_system_average,-280.3,-12151.5,-28818.9,-4239317.58,-135919.13,0.0491
hub_spoke,AA_mainline,CLT,unknown,baseline,6593,210,6365,546,9,144,278,41801.0,52646.0,0.0319,0.0828,0.0014,0.0218,0.0422,0.1147,aa_system_average,15.9,5550.0,1135.1,683317.47,103642.87,0.0447
hub_spoke,AA_mainline,CLT,unknown,recent,6105,75,6012,515,8,119,278,39794.0,50863.0,0.0123,0.0844,0.0013,0.0195,0.0455,0.0966,aa_system_average,-61.03,4863.0,1249.6,603486.47,98851.18,0.0404
hub_spoke,AA_mainline,DCA,adverse,baseline,1446,91,1313,304,2,44,120,18109.0,22570.0,0.0629,0.2102,0.0014,0.0304,0.083,0.2732,aa_system_average,-28.85,5152.8,993.8,616015.1,426013.21,0.0966
hub_spoke,AA_mainline,DCA,adverse,recent,1636,143,1432,376,4,52,144,14626.0,26915.0,0.0874,0.2298,0.0024,0.0318,0.088,0.3172,aa_system_average,-160.02,-277.4,-4043.4,-483864.38,-295760.62,0.1093
hub_spoke,AA_mainline,DCA,benign,baseline,32728,354,32316,2783,55,614,1847,167230.0,346506.0,0.0108,0.085,0.0017,0.0188,0.0564,0.0959,aa_system_average,-5.22,1101.8,46660.0,4848425.07,148143.03,0.0428
hub_spoke,AA_mainline,DCA,benign,recent,32926,483,32383,3052,115,624,1930,173855.0,358945.0,0.0147,0.0927,0.0035,0.019,0.0586,0.1074,aa_system_average,-685.94,-37186.9,-34511.4,-7473916.12,-226991.32,0.0462
hub_spoke,AA_mainline,DCA,marginal,baseline,5907,208,5672,725,6,143,403,36276.0,70884.0,0.0352,0.1227,0.001,0.0242,0.0682,0.1579,aa_system_average,-47.11,-2319.8,-4572.0,-713099.57,-120721.11,0.0626
hub_spoke,AA_mainline,DCA,marginal,recent,5476,273,5182,691,22,126,365,39953.0,67374.0,0.0499,0.1262,0.004,0.023,0.0667,0.176,aa_system_average,-212.65,-7010.3,-14967.9,-2291710.67,-418500.85,0.0664
hub_spoke,AA_mainline,DCA,unknown,baseline,1139,18,1117,89,1,19,51,4487.0,11187.0,0.0158,0.0781,0.0009,0.0167,0.0448,0.0939,aa_system_average,1.28,133.4,2410.8,258707.0,227135.21,0.0388
hub_spoke,AA_mainline,DCA,unknown,recent,1143,46,1090,118,3,24,63,4162.0,14781.0,0.0402,0.1032,0.0026,0.021,0.0551,0.1435,aa_system_average,-73.24,-2765.5,903.4,-209740.76,-183500.23,0.0549
hub_spoke,AA_mainline,DFW,adverse,baseline,15463,1116,13827,3784,39,539,1558,149813.0,336923.0,0.0722,0.2447,0.0025,0.0349,0.1008,0.3169,aa_system_average,-161.73,24870.4,32463.5,5776262.16,373553.78,0.1131
hub_spoke,AA_mainline,DFW,adverse,recent,14997,1408,13054,3550,37,541,1296,147260.0,252109.0,0.0939,0.2367,0.0025,0.0361,0.0864,0.3306,aa_system_average,-148.3,28916.3,19929.0,4918092.07,327938.39,0.1133
hub_spoke,AA_mainline,DFW,benign,baseline,245308,3658,241294,25450,518,7038,16043,1810913.0,2825499.0,0.0149,0.1037,0.0021,0.0287,0.0654,0.1187,aa_system_average,502.73,363773.6,467834.3,84586013.92,344815.55,0.0532
hub_spoke,AA_mainline,DFW,benign,recent,242228,4612,237159,26113,739,7029,15789,1830278.0,2659486.0,0.019,0.1078,0.0031,0.029,0.0652,0.1268,aa_system_average,-30.11,349700.9,378742.0,73960026.72,305332.28,0.0553
hub_spoke,AA_mainline,DFW,marginal,baseline,34762,1204,33371,4639,54,1122,2404,298666.0,432506.0,0.0346,0.1335,0.0016,0.0323,0.0692,0.1681,aa_system_average,-61.2,50290.7,37756.6,8923359.47,256698.68,0.0674
hub_spoke,AA_mainline,DFW,marginal,recent,32738,1953,30623,4684,64,1105,2245,281915.0,388515.0,0.0597,0.1431,0.002,0.0338,0.0686,0.2027,aa_system_average,-87.19,46318.1,19861.8,6695537.51,204518.83,0.0763
hub_spoke,AA_mainline,DFW,unknown,baseline,8345,337,7986,792,8,270,460,67585.0,89872.0,0.0404,0.0949,0.001,0.0324,0.0551,0.1353,aa_system_average,80.64,14775.3,19075.9,3460107.58,414632.42,0.0557
hub_spoke,AA_mainline,DFW,unknown,recent,8561,422,8080,1018,12,306,542,78086.0,97288.0,0.0493,0.1189,0.0014,0.0357,0.0633,0.1682,aa_system_average,34.71,18640.2,16611.2,3589332.9,419265.61,0.0668
hub_spoke,AA_mainline,JFK,adverse,baseline,871,21,834,120,1,26,35,5064.0,8425.0,0.0241,0.1378,0.0011,0.0299,0.0402,0.1619,aa_system_average,0.0,0.0,0.0,0.0,0.0,0.058
hub_spoke,AA_mainline,JFK,adverse,recent,838,23,797,143,1,24,42,9405.0,11077.0,0.0274,0.1706,0.0012,0.0286,0.0501,0.1981,aa_system_average,0.0,0.0,0.0,0.0,0.0,0.0692
hub_spoke,AA_mainline,JFK,benign,baseline,13389,118,13227,809,19,256,391,72871.0,76868.0,0.0088,0.0604,0.0014,0.0191,0.0292,0.0692,aa_system_average,0.0,0.0,0.0,0.0,0.0,0.0294
hub_spoke,AA_mainline,JFK,benign,recent,13753,148,13569,1019,27,284,453,78125.0,89676.0,0.0108,0.0741,0.002,0.0207,0.0329,0.0849,aa_system_average,0.0,0.0,0.0,0.0,0.0,0.0346
hub_spoke,AA_mainline,JFK,marginal,baseline,2895,54,2832,283,3,72,108,20258.0,21822.0,0.0187,0.0978,0.001,0.0249,0.0373,0.1164,aa_system_average,0.0,0.0,0.0,0.0,0.0,0.0446
hub_spoke,AA_mainline,JFK,marginal,recent,2529,60,2461,292,7,59,108,19131.0,19061.0,0.0237,0.1155,0.0028,0.0233,0.0427,0.1392,aa_system_average,0.0,0.0,0.0,0.0,0.0,0.0513
hub_spoke,AA_mainline,JFK,unknown,baseline,420,6,414,35,1,12,16,3292.0,3351.0,0.0143,0.0833,0.0024,0.0286,0.0381,0.0976,aa_system_average,0.0,0.0,0.0,0.0,0.0,0.0411
hub_spoke,AA_mainline,JFK,unknown,recent,449,13,435,31,2,9,12,1721.0,2491.0,0.029,0.069,0.0045,0.02,0.0267,0.098,aa_system_average,0.0,0.0,0.0,0.0,0.0,0.0362
hub_spoke,AA_mainline,LAX,adverse,baseline,2256,18,2196,233,2,71,75,18530.0,18849.0,0.008,0.1033,0.0009,0.0315,0.0332,0.1113,aa_system_average,0.06,67.3,-512.5,-45189.86,-20030.96,0.044
hub_spoke,AA_mainline,LAX,adverse,recent,1528,38,1434,179,0,42,74,11342.0,12690.0,0.0249,0.1171,0.0,0.0275,0.0484,0.142,aa_system_average,0.22,70.7,79.1,15282.85,10001.86,0.0545
hub_spoke,AA_mainline,LAX,benign,baseline,29264,144,29067,2288,63,705,1379,187452.0,278633.0,0.0049,0.0782,0.0022,0.0241,0.0471,0.0831,aa_system_average,0.18,56.5,354.2,41761.89,1427.07,0.0386
hub_spoke,AA_mainline,LAX,benign,recent,30238,170,30013,2340,52,759,1340,210262.0,277410.0,0.0056,0.0774,0.0017,0.0251,0.0443,0.083,aa_system_average,0.56,-169.9,902.3,74531.29,2464.82,0.0381
hub_spoke,AA_mainline,LAX,marginal,baseline,6812,67,6724,564,15,187,291,49557.0,61734.0,0.0098,0.0828,0.0022,0.0275,0.0427,0.0926,aa_system_average,0.08,58.9,73.4,13451.59,1974.69,0.0407
hub_spoke,AA_mainline,LAX,marginal,recent,6109,65,6024,583,7,184,284,51558.0,63196.0,0.0106,0.0954,0.0011,0.0301,0.0465,0.1061,aa_system_average,0.17,136.6,145.5,28687.41,4695.93,0.0457
hub_spoke,AA_mainline,LAX,unknown,baseline,1005,15,990,71,6,28,38,6461.0,10850.0,0.0149,0.0706,0.006,0.0279,0.0378,0.0856,aa_system_average,0.03,13.0,21.9,3552.39,3534.71,0.0378
hub_spoke,AA_mainline,LAX,unknown,recent,1046,11,1026,93,2,26,57,6068.0,11116.0,0.0105,0.0889,0.0019,0.0249,0.0545,0.0994,aa_system_average,0.04,23.6,43.2,6788.21,6489.68,0.0447
hub_spoke,AA_mainline,MIA,adverse,baseline,4076,199,3763,854,15,140,322,41020.0,66292.0,0.0488,0.2095,0.0037,0.0343,0.079,0.2583,aa_system_average,-11.83,7338.5,7542.7,1507756.34,369910.78,0.0929
hub_spoke,AA_mainline,MIA,adverse,recent,4650,171,4361,930,9,152,326,37338.0,61021.0,0.0368,0.2,0.0019,0.0327,0.0701,0.2368,aa_system_average,-21.67,4800.2,6332.8,1124374.16,241800.9,0.0849
hub_spoke,AA_mainline,MIA,benign,baseline,78169,1008,77029,7689,106,2564,4088,647715.0,733582.0,0.0129,0.0984,0.0014,0.0328,0.0523,0.1113,aa_system_average,72.97,95979.8,71397.7,17016654.72,217690.58,0.0491
hub_spoke,AA_mainline,MIA,benign,recent,84000,698,83158,7366,107,2404,3863,565359.0,670965.0,0.0083,0.0877,0.0013,0.0286,0.046,0.096,aa_system_average,6.56,77044.8,80110.5,15959919.26,189999.04,0.0427
hub_spoke,AA_mainline,MIA,marginal,baseline,11213,448,10698,1512,17,424,689,99063.0,115596.0,0.04,0.1348,0.0015,0.0378,0.0614,0.1748,aa_system_average,-6.08,13736.0,9406.5,2348261.86,209423.16,0.0685
hub_spoke,AA_mainline,MIA,marginal,recent,10765,300,10416,1228,13,341,525,74858.0,92258.0,0.0279,0.1141,0.0012,0.0317,0.0488,0.1419,aa_system_average,-20.81,9145.6,11714.1,2112292.83,196218.56,0.0556
hub_spoke,AA_mainline,MIA,unknown,baseline,2581,28,2547,228,6,91,99,19840.0,19371.0,0.0108,0.0883,0.0023,0.0353,0.0384,0.0992,aa_system_average,6.73,3078.6,3050.2,624234.33,241857.55,0.0432
hub_spoke,AA_mainline,MIA,unknown,recent,2936,62,2859,328,4,116,146,25684.0,29230.0,0.0211,0.1117,0.0014,0.0395,0.0497,0.1328,aa_system_average,-2.31,3344.7,2485.5,591368.8,201419.89,0.0555
hub_spoke,AA_mainline,ORD,adverse,baseline,4283,99,4098,912,9,138,357,47928.0,72911.0,0.0231,0.2129,0.0021,0.0322,0.0834,0.236,aa_system_average,-89.68,12015.0,6954.5,1900935.49,443832.71,0.0879
hub_spoke,AA_mainline,ORD,adverse,recent,3522,272,3103,874,10,123,277,37841.0,56189.0,0.0772,0.2482,0.0028,0.0349,0.0786,0.3254,aa_system_average,-101.55,13374.6,7945.6,2136280.44,606553.22,0.1097
hub_spoke,AA_mainline,ORD,benign,baseline,64506,601,63772,6243,145,1723,3696,466679.0,674778.0,0.0093,0.0968,0.0022,0.0267,0.0573,0.1061,aa_system_average,75.83,123340.1,144800.8,27249313.79,422430.69,0.0475
hub_spoke,AA_mainline,ORD,benign,recent,72839,972,71717,7653,149,1919,4616,513713.0,828658.0,0.0133,0.1051,0.002,0.0263,0.0634,0.1184,aa_system_average,50.88,158648.0,174383.5,33831475.35,464469.25,0.052
hub_spoke,AA_mainline,ORD,marginal,baseline,11173,218,10904,1377,33,309,710,84977.0,126126.0,0.0195,0.1232,0.003,0.0277,0.0635,0.1428,aa_system_average,-22.07,18946.0,20024.5,3950974.14,353618.02,0.0585
hub_spoke,AA_mainline,ORD,marginal,recent,11878,323,11499,1745,16,361,844,101859.0,150271.0,0.0272,0.1469,0.0013,0.0304,0.0711,0.1741,aa_system_average,-82.94,30217.4,5883.9,3642456.16,306655.68,0.0689
hub_spoke,AA_mainline,ORD,unknown,baseline,2177,37,2134,224,11,67,140,17385.0,26426.0,0.017,0.1029,0.0051,0.0308,0.0643,0.1199,aa_system_average,17.13,5022.7,6956.0,1221192.6,560952.04,0.0537
hub_spoke,AA_mainline,ORD,unknown,recent,2503,112,2383,350,3,106,151,24733.0,27819.0,0.0447,0.1398,0.0012,0.0423,0.0603,0.1846,aa_system_average,-7.8,8132.8,1841.2,1010597.1,403754.34,0.0718
hub_spoke,AA_mainline,PHL,adverse,baseline,3291,225,2987,675,9,109,222,29861.0,41498.0,0.0684,0.2051,0.0027,0.0331,0.0675,0.2735,aa_system_average,-5.52,-235.9,-307.9,-56777.99,-17252.5,0.0935
hub_spoke,AA_mainline,PHL,adverse,recent,3202,227,2891,751,2,109,229,35236.0,44303.0,0.0709,0.2345,0.0006,0.034,0.0715,0.3054,aa_system_average,-60.12,-870.0,-2839.5,-393627.38,-122931.72,0.1027
hub_spoke,AA_mainline,PHL,benign,baseline,59494,821,58574,5103,193,1441,3112,396005.0,564912.0,0.0138,0.0858,0.0032,0.0242,0.0523,0.0996,aa_system_average,61.67,25919.7,27663.8,5458446.83,91747.85,0.044
hub_spoke,AA_mainline,PHL,benign,recent,58298,762,57444,5334,114,1457,3099,412232.0,558693.0,0.0131,0.0915,0.002,0.025,0.0532,0.1046,aa_system_average,-243.57,-1712.8,-32734.2,-3566550.24,-61177.92,0.0457
hub_spoke,AA_mainline,PHL,marginal,baseline,10270,243,9986,1373,15,273,712,78377.0,122552.0,0.0237,0.1337,0.0015,0.0266,0.0693,0.1574,aa_system_average,5.6,4188.2,480.1,475617.62,46311.36,0.0633
hub_spoke,AA_mainline,PHL,marginal,recent,10922,345,10543,1313,21,324,640,85156.0,113072.0,0.0316,0.1202,0.0019,0.0297,0.0586,0.1518,aa_system_average,-117.17,-6059.8,-19823.6,-2661327.01,-243666.64,0.06
hub_spoke,AA_mainline,PHL,unknown,baseline,1954,41,1907,172,6,46,83,12765.0,15112.0,0.021,0.088,0.0031,0.0235,0.0425,0.109,aa_system_average,-1.78,1905.2,958.4,290276.99,148555.27,0.0438
hub_spoke,AA_mainline,PHL,unknown,recent,1956,72,1875,228,4,48,92,12191.0,18837.0,0.0368,0.1166,0.002,0.0245,0.047,0.1534,aa_system_average,-7.11,646.5,-2123.9,-152023.38,-77721.56,0.0562
hub_spoke,AA_mainline,PHX,adverse,baseline,2399,52,2298,373,6,80,136,23071.0,28681.0,0.0217,0.1555,0.0025,0.0333,0.0567,0.1772,aa_system_average,1.79,1478.5,1709.5,324225.22,135150.16,0.0668
hub_spoke,AA_mainline,PHX,adverse,recent,2472,105,2287,382,0,91,108,25689.0,24085.0,0.0425,0.1545,0.0,0.0368,0.0437,0.197,aa_system_average,5.05,3887.8,1420.5,540441.29,218625.12,0.0694
hub_spoke,AA_mainline,PHX,benign,baseline,79099,324,78668,5572,135,1770,3467,511543.0,644280.0,0.0041,0.0704,0.0017,0.0224,0.0438,0.0745,aa_system_average,15.77,49179.4,60938.5,11186184.9,141420.05,0.0352
hub_spoke,AA_mainline,PHX,benign,recent,78433,368,77949,5190,78,1652,3094,475612.0,560357.0,0.0047,0.0662,0.001,0.0211,0.0394,0.0709,aa_system_average,-27.3,58649.9,44309.4,10447132.91,133198.18,0.0328
hub_spoke,AA_mainline,PHX,marginal,baseline,7535,78,7427,702,12,211,369,59460.0,79838.0,0.0104,0.0932,0.0016,0.028,0.049,0.1035,aa_system_average,6.08,5542.6,6880.2,1263165.49,167639.75,0.0451
hub_spoke,AA_mainline,PHX,marginal,recent,7715,98,7587,655,13,208,297,59153.0,53931.0,0.0127,0.0849,0.0017,0.027,0.0385,0.0976,aa_system_average,5.56,6774.1,2213.9,914232.19,118500.61,0.0408
hub_spoke,AA_mainline,PHX,unknown,baseline,2386,24,2361,149,9,60,76,18152.0,18011.0,0.0101,0.0624,0.0038,0.0251,0.0319,0.0725,aa_system_average,3.24,2733.3,2472.9,529567.11,221947.66,0.0324
hub_spoke,AA_mainline,PHX,unknown,recent,2533,26,2495,155,2,60,78,19390.0,17040.0,0.0103,0.0612,0.0008,0.0237,0.0308,0.0715,aa_system_average,4.82,3012.9,1784.8,488533.71,192867.63,0.0315
hub_spoke,Envoy_operated,CLT,adverse,baseline,665,44,599,116,3,17,48,2505.0,8363.0,0.0662,0.1744,0.0045,0.0256,0.0722,0.2406,aa_system_average,20.48,-1522.6,-1065.6,-257035.8,-386520.0,0.0846
hub_spoke,Envoy_operated,CLT,adverse,recent,632,41,582,72,0,5,23,974.0,3177.0,0.0649,0.1139,0.0,0.0079,0.0364,0.1788,aa_system_average,-6.34,-3335.1,-5567.4,-905769.35,-1433179.35,0.0558
hub_spoke,Envoy_operated,CLT,benign,baseline,9681,80,9595,695,24,146,470,34860.0,73193.0,0.0083,0.0718,0.0025,0.0151,0.0485,0.0801,aa_system_average,-6.35,-22724.0,-13955.7,-3726371.05,-384915.92,0.0359
hub_spoke,Envoy_operated,CLT,benign,recent,9530,77,9447,418,1,90,257,22138.0,41329.0,0.0081,0.0439,0.0001,0.0094,0.027,0.0519,aa_system_average,-30.02,-26284.2,-27232.2,-5442702.82,-571112.57,0.0221
hub_spoke,Envoy_operated,CLT,marginal,baseline,1565,53,1504,165,4,27,102,5418.0,12685.0,0.0339,0.1054,0.0026,0.0173,0.0652,0.1393,aa_system_average,9.63,-5540.0,-4397.7,-1006382.0,-643055.59,0.0554
hub_spoke,Envoy_operated,CLT,marginal,recent,1529,48,1476,95,1,19,57,4624.0,8634.0,0.0314,0.0621,0.0007,0.0124,0.0373,0.0935,aa_system_average,-2.51,-5911.2,-5581.9,-1167754.27,-763737.26,0.0358
hub_spoke,Envoy_operated,CLT,unknown,baseline,357,3,352,31,0,8,17,1161.0,2123.0,0.0084,0.0868,0.0,0.0224,0.0476,0.0952,aa_system_average,-7.51,-843.8,-725.7,-161484.38,-452337.21,0.0413
hub_spoke,Envoy_operated,CLT,unknown,recent,347,2,345,17,0,3,9,1356.0,1503.0,0.0058,0.049,0.0,0.0086,0.0259,0.0548,aa_system_average,-5.73,-648.5,-1344.1,-203951.4,-587756.2,0.0223
hub_spoke,Envoy_operated,DCA,adverse,baseline,299,22,272,38,2,0,15,381.0,2869.0,0.0736,0.1271,0.0067,0.0,0.0502,0.2007,aa_system_average,-2.78,-2303.0,-1600.7,-397178.73,-1328356.96,0.0627
hub_spoke,Envoy_operated,DCA,adverse,recent,371,91,265,53,1,9,13,1135.0,2643.0,0.2453,0.1429,0.0027,0.0243,0.035,0.3881,aa_system_average,22.28,-1623.0,-3086.0,-471881.3,-1271917.26,0.1119
hub_spoke,Envoy_operated,DCA,benign,baseline,6623,41,6571,363,15,104,224,23145.0,36407.0,0.0062,0.0548,0.0023,0.0157,0.0338,0.061,aa_system_average,-31.69,-10634.8,-24562.4,-3582981.78,-540990.76,0.0276
hub_spoke,Envoy_operated,DCA,benign,recent,7056,210,6836,420,30,70,247,18842.0,38528.0,0.0298,0.0595,0.0043,0.0099,0.035,0.0893,aa_system_average,-40.5,-25708.6,-44530.0,-7143685.94,-1012427.15,0.0336
hub_spoke,Envoy_operated,DCA,marginal,baseline,1344,36,1304,125,1,14,75,4039.0,12722.0,0.0268,0.093,0.0007,0.0104,0.0558,0.1198,aa_system_average,-22.04,-4834.2,-4625.4,-966780.85,-719330.99,0.0465
hub_spoke,Envoy_operated,DCA,marginal,recent,1421,108,1304,111,4,18,60,4915.0,11418.0,0.076,0.0781,0.0028,0.0127,0.0422,0.1541,aa_system_average,-18.02,-6902.9,-9302.5,-1650633.93,-1161600.23,0.0523
hub_spoke,Envoy_operated,DCA,unknown,baseline,235,5,230,12,0,4,5,557.0,742.0,0.0213,0.0511,0.0,0.017,0.0213,0.0723,aa_system_average,1.55,-339.4,-1065.1,-142184.57,-605040.74,0.0277
hub_spoke,Envoy_operated,DCA,unknown,recent,268,23,242,22,5,5,11,919.0,2489.0,0.0858,0.0821,0.0187,0.0187,0.041,0.1679,aa_system_average,-4.96,-619.0,-592.1,-124379.51,-464102.64,0.0569
hub_spoke,Envoy_operated,DFW,adverse,baseline,7279,756,6313,1605,4,118,572,29953.0,102648.0,0.1039,0.2205,0.0005,0.0162,0.0786,0.3244,aa_system_average,154.53,-27092.1,-36359.2,-6399484.92,-879170.89,0.1048
hub_spoke,Envoy_operated,DFW,adverse,recent,7224,815,6205,1477,5,85,482,23280.0,83486.0,0.1128,0.2045,0.0007,0.0118,0.0667,0.3173,aa_system_average,65.33,-32972.7,-26876.9,-6058900.29,-838718.2,0.0989
hub_spoke,Envoy_operated,DFW,benign,baseline,114577,926,113563,6297,65,1440,3812,322299.0,608706.0,0.0081,0.055,0.0006,0.0126,0.0333,0.063,aa_system_average,-547.74,-358785.0,-500909.1,-87450673.97,-763248.07,0.0272
hub_spoke,Envoy_operated,DFW,benign,recent,108992,1743,107131,5661,121,1198,3180,281082.0,531568.0,0.016,0.0519,0.0011,0.011,0.0292,0.0679,aa_system_average,-345.75,-387733.9,-498704.5,-90109405.06,-826752.47,0.027
hub_spoke,Envoy_operated,DFW,marginal,baseline,13950,520,13382,1551,8,238,759,49602.0,113247.0,0.0373,0.1112,0.0006,0.0171,0.0544,0.1485,aa_system_average,12.27,-49998.2,-45050.2,-9648071.05,-691618.0,0.055
hub_spoke,Envoy_operated,DFW,marginal,recent,12720,835,11817,1421,3,192,611,43692.0,98550.0,0.0656,0.1117,0.0002,0.0151,0.048,0.1774,aa_system_average,42.31,-47221.7,-43708.3,-9221396.96,-724952.59,0.0601
hub_spoke,Envoy_operated,DFW,unknown,baseline,4146,57,4087,164,4,55,74,11524.0,16190.0,0.0137,0.0396,0.001,0.0133,0.0178,0.0533,aa_system_average,-70.36,-15502.4,-20041.4,-3629078.84,-875320.51,0.0211
hub_spoke,Envoy_operated,DFW,unknown,recent,4041,137,3888,239,0,48,119,9926.0,18590.0,0.0339,0.0591,0.0,0.0119,0.0294,0.093,aa_system_average,-45.81,-18678.6,-20230.7,-3963901.59,-980920.96,0.0336
hub_spoke,Envoy_operated,LAX,adverse,baseline,8,0,8,3,0,0,3,0.0,583.0,0.0,0.375,0.0,0.0,0.375,0.375,aa_system_average,-0.06,-67.3,512.5,45189.86,5648731.99,0.1875
hub_spoke,Envoy_operated,LAX,adverse,recent,9,0,9,0,0,0,0,0.0,0.0,0.0,0.0,0.0,0.0,0.0,0.0,aa_system_average,-0.22,-70.7,-79.1,-15282.85,-1698094.26,0.0
hub_spoke,Envoy_operated,LAX,benign,baseline,37,0,37,2,0,1,0,182.0,0.0,0.0,0.0541,0.0,0.027,0.0,0.0541,aa_system_average,-0.18,-56.5,-354.2,-41761.89,-1128699.66,0.0203
hub_spoke,Envoy_operated,LAX,benign,recent,100,0,100,1,0,1,0,871.0,19.0,0.0,0.01,0.0,0.01,0.0,0.01,aa_system_average,-0.56,169.9,-902.3,-74531.29,-745312.87,0.005
hub_spoke,Envoy_operated,LAX,marginal,baseline,8,0,8,0,0,0,0,0.0,0.0,0.0,0.0,0.0,0.0,0.0,0.0,aa_system_average,-0.08,-58.9,-73.4,-13451.59,-1681448.21,0.0
hub_spoke,Envoy_operated,LAX,marginal,recent,16,0,16,0,0,0,0,0.0,22.0,0.0,0.0,0.0,0.0,0.0,0.0,aa_system_average,-0.17,-136.6,-145.5,-28687.41,-1792962.89,0.0
hub_spoke,Envoy_operated,LAX,unknown,baseline,2,0,2,0,0,0,0,0.0,0.0,0.0,0.0,0.0,0.0,0.0,0.0,aa_system_average,-0.03,-13.0,-21.9,-3552.39,-1776193.18,0.0
hub_spoke,Envoy_operated,LAX,unknown,recent,4,0,4,0,0,0,0,0.0,0.0,0.0,0.0,0.0,0.0,0.0,0.0,aa_system_average,-0.04,-23.6,-43.2,-6788.21,-1697051.99,0.0
hub_spoke,Envoy_operated,MIA,adverse,baseline,1492,89,1368,240,1,29,100,4906.0,13815.0,0.0597,0.1609,0.0007,0.0194,0.067,0.2205,aa_system_average,11.83,-7338.5,-7542.7,-1507756.34,-1010560.55,0.0767
hub_spoke,Envoy_operated,MIA,adverse,recent,1601,88,1471,222,2,30,76,6175.0,12114.0,0.055,0.1387,0.0012,0.0187,0.0475,0.1936,aa_system_average,21.67,-4800.2,-6332.8,-1124374.16,-702294.92,0.065
hub_spoke,Envoy_operated,MIA,benign,baseline,22486,196,22274,1232,9,300,731,63562.0,120082.0,0.0087,0.0548,0.0004,0.0133,0.0325,0.0635,aa_system_average,-72.97,-95979.8,-71397.7,-17016654.72,-756766.64,0.0273
hub_spoke,Envoy_operated,MIA,benign,recent,22543,179,22352,837,6,236,434,54209.0,78705.0,0.0079,0.0371,0.0003,0.0105,0.0193,0.0451,aa_system_average,-6.56,-77044.8,-80110.5,-15959919.26,-707976.72,0.0187
hub_spoke,Envoy_operated,MIA,marginal,baseline,3233,137,3078,281,1,52,142,10814.0,21146.0,0.0424,0.0869,0.0003,0.0161,0.0439,0.1293,aa_system_average,6.08,-13736.0,-9406.5,-2348261.86,-726341.44,0.0473
hub_spoke,Envoy_operated,MIA,marginal,recent,3127,114,3004,176,2,39,74,9806.0,11515.0,0.0365,0.0563,0.0006,0.0125,0.0237,0.0927,aa_system_average,20.81,-9145.6,-11714.1,-2112292.83,-675501.39,0.0322
hub_spoke,Envoy_operated,MIA,unknown,baseline,817,0,817,26,0,7,10,2298.0,2185.0,0.0,0.0318,0.0,0.0086,0.0122,0.0318,aa_system_average,-6.73,-3078.6,-3050.2,-624234.33,-764056.7,0.0132
hub_spoke,Envoy_operated,MIA,unknown,recent,853,21,828,50,0,13,26,3125.0,5260.0,0.0246,0.0586,0.0,0.0152,0.0305,0.0832,aa_system_average,2.31,-3344.7,-2485.5,-591368.8,-693281.12,0.0322
hub_spoke,Envoy_operated,ORD,adverse,baseline,3571,247,3265,724,22,72,258,16598.0,45595.0,0.0692,0.2027,0.0062,0.0202,0.0722,0.2719,aa_system_average,89.68,-12015.0,-6954.5,-1900935.49,-532325.82,0.0911
hub_spoke,Envoy_operated,ORD,adverse,recent,4127,517,3522,838,4,64,250,12954.0,42603.0,0.1253,0.2031,0.001,0.0155,0.0606,0.3283,aa_system_average,79.28,-14816.2,-12154.8,-2716359.79,-658192.34,0.1011
hub_spoke,Envoy_operated,ORD,benign,baseline,52550,352,52151,3234,85,702,1791,157433.0,288600.0,0.0067,0.0615,0.0016,0.0134,0.0341,0.0682,aa_system_average,-75.83,-123340.1,-144800.8,-27249313.79,-518540.7,0.0289
hub_spoke,Envoy_operated,ORD,benign,recent,72573,790,71727,4576,21,866,2672,188025.0,424231.0,0.0109,0.0631,0.0003,0.0119,0.0368,0.0739,aa_system_average,-127.76,-167089.5,-230134.7,-40371502.0,-556288.18,0.0307
hub_spoke,Envoy_operated,ORD,marginal,baseline,9724,231,9468,953,27,164,454,38389.0,72104.0,0.0238,0.098,0.0028,0.0169,0.0467,0.1218,aa_system_average,22.07,-18946.0,-20024.5,-3950974.14,-406311.61,0.0463
hub_spoke,Envoy_operated,ORD,marginal,recent,13972,541,13402,1991,6,223,1006,48362.0,140796.0,0.0387,0.1425,0.0004,0.016,0.072,0.1812,aa_system_average,63.5,-35135.8,-27486.1,-6340928.07,-453831.1,0.0673
hub_spoke,Envoy_operated,ORD,unknown,baseline,1877,0,1876,115,0,27,68,5845.0,10160.0,0.0,0.0613,0.0,0.0144,0.0362,0.0613,aa_system_average,-17.13,-5022.7,-6956.0,-1221192.6,-650608.74,0.028
hub_spoke,Envoy_operated,ORD,unknown,recent,2865,138,2721,323,0,31,166,8292.0,26097.0,0.0482,0.1127,0.0,0.0108,0.0579,0.1609,aa_system_average,0.88,-10662.7,-3565.4,-1444526.35,-504197.68,0.0574
hub_spoke,Envoy_operated,PHX,adverse,baseline,468,8,443,51,1,9,16,2684.0,3490.0,0.0171,0.109,0.0021,0.0192,0.0342,0.1261,aa_system_average,-1.79,-1478.5,-1709.5,-324225.22,-692788.94,0.0449
hub_spoke,Envoy_operated,PHX,adverse,recent,570,18,529,58,1,5,23,1155.0,3822.0,0.0316,0.1018,0.0018,0.0088,0.0404,0.1333,aa_system_average,-5.05,-3887.8,-1420.5,-540441.29,-948142.61,0.0456
hub_spoke,Envoy_operated,PHX,benign,baseline,14567,41,14516,446,28,143,278,36137.0,46701.0,0.0028,0.0306,0.0019,0.0098,0.0191,0.0334,aa_system_average,-15.77,-49179.4,-60938.5,-11186184.9,-767912.74,0.0156
hub_spoke,Envoy_operated,PHX,benign,recent,16608,111,16476,595,10,119,395,29483.0,64767.0,0.0067,0.0358,0.0006,0.0072,0.0238,0.0425,aa_system_average,27.3,-58649.9,-44309.4,-10447132.91,-629042.2,0.0184
hub_spoke,Envoy_operated,PHX,marginal,baseline,1056,4,1046,47,1,8,20,2051.0,3395.0,0.0038,0.0445,0.0009,0.0076,0.0189,0.0483,aa_system_average,-6.08,-5542.6,-6880.2,-1263165.49,-1196179.44,0.0187
hub_spoke,Envoy_operated,PHX,marginal,recent,1549,13,1527,106,0,15,60,3768.0,8195.0,0.0084,0.0684,0.0,0.0097,0.0387,0.0768,aa_system_average,-5.56,-6774.1,-2213.9,-914232.19,-590208.0,0.0313
hub_spoke,Envoy_operated,PHX,unknown,baseline,487,1,485,5,1,2,2,434.0,719.0,0.0021,0.0103,0.0021,0.0041,0.0041,0.0123,aa_system_average,-3.24,-2733.3,-2472.9,-529567.11,-1087406.81,0.0051
hub_spoke,Envoy_operated,PHX,unknown,recent,577,0,576,16,0,4,12,768.0,1737.0,0.0,0.0277,0.0,0.0069,0.0208,0.0277,aa_system_average,-4.82,-3012.9,-1784.8,-488533.71,-846678.88,0.0139
hub_spoke,Other_or_non_AA,CLT,adverse,baseline,2454,98,2322,466,18,87,174,20440.0,29142.0,0.0399,0.1899,0.0073,0.0355,0.0709,0.2298,aa_system_average,11.2,4827.1,-7407.4,-258852.65,-105481.93,0.084
hub_spoke,Other_or_non_AA,CLT,adverse,recent,1841,71,1748,404,16,79,130,18149.0,22514.0,0.0386,0.2194,0.0087,0.0429,0.0706,0.258,aa_system_average,-66.9,5207.0,-3749.1,129172.19,70164.14,0.0929
hub_spoke,Other_or_non_AA,CLT,benign,baseline,35765,490,35226,2641,222,728,1322,177059.0,222546.0,0.0137,0.0738,0.0062,0.0204,0.037,0.0875,aa_system_average,170.99,-34348.4,-97401.9,-13330149.45,-372714.93,0.0362
hub_spoke,Other_or_non_AA,CLT,benign,recent,27215,214,26973,2113,103,592,1031,127713.0,168375.0,0.0079,0.0776,0.0038,0.0218,0.0379,0.0855,aa_system_average,-91.62,-10541.7,-27380.4,-3876581.32,-142442.82,0.0363
hub_spoke,Other_or_non_AA,CLT,marginal,baseline,6590,189,6390,685,49,178,301,38813.0,49995.0,0.0287,0.1039,0.0074,0.027,0.0457,0.1326,aa_system_average,6.39,-7743.7,-22583.6,-3077736.28,-467031.3,0.0513
hub_spoke,Other_or_non_AA,CLT,marginal,recent,5048,96,4941,541,23,122,241,27774.0,39668.0,0.019,0.1072,0.0046,0.0242,0.0477,0.1262,aa_system_average,-70.75,-7493.2,-7920.6,-1585120.22,-314009.55,0.0495
hub_spoke,Other_or_non_AA,CLT,unknown,baseline,1283,19,1258,67,4,13,31,4851.0,5783.0,0.0148,0.0522,0.0031,0.0101,0.0242,0.067,aa_system_average,-18.77,-2313.8,-4397.8,-686806.3,-535312.78,0.0253
hub_spoke,Other_or_non_AA,CLT,unknown,recent,997,25,970,90,3,25,44,5864.0,7599.0,0.0251,0.0903,0.003,0.0251,0.0441,0.1153,aa_system_average,2.79,228.1,-405.8,-17261.38,-17313.32,0.0461
hub_spoke,Other_or_non_AA,DCA,adverse,baseline,3267,146,3037,545,28,109,195,24702.0,34054.0,0.0447,0.1668,0.0086,0.0334,0.0597,0.2115,aa_system_average,-124.78,-5265.9,-15852.3,-2179596.02,-667155.2,0.0761
hub_spoke,Other_or_non_AA,DCA,adverse,recent,3411,224,3051,850,28,108,301,33349.0,59652.0,0.0657,0.2492,0.0082,0.0317,0.0882,0.3149,aa_system_average,-407.78,1596.1,-6307.5,-593400.03,-173966.59,0.1087
hub_spoke,Other_or_non_AA,DCA,benign,baseline,65490,538,64838,3762,248,1223,1956,262230.0,324963.0,0.0082,0.0574,0.0038,0.0187,0.0299,0.0657,aa_system_average,-180.81,-71085.3,-276640.4,-35360214.25,-539933.03,0.0286
hub_spoke,Other_or_non_AA,DCA,benign,recent,62826,705,61952,5328,173,1156,2548,270047.0,416213.0,0.0112,0.0848,0.0028,0.0184,0.0406,0.096,aa_system_average,-1525.46,-133697.8,-336509.4,-48176581.4,-766825.54,0.0387
hub_spoke,Other_or_non_AA,DCA,marginal,baseline,13145,348,12731,1309,66,288,610,61933.0,101450.0,0.0265,0.0996,0.005,0.0219,0.0464,0.1261,aa_system_average,-219.69,-24696.7,-67913.5,-9465901.25,-720114.21,0.0486
hub_spoke,Other_or_non_AA,DCA,marginal,recent,10985,387,10547,1479,48,279,617,60083.0,98470.0,0.0352,0.1346,0.0044,0.0254,0.0562,0.1699,aa_system_average,-587.22,-35502.1,-69121.7,-10789450.27,-982198.48,0.0629
hub_spoke,Other_or_non_AA,DCA,unknown,baseline,2192,15,2170,127,4,41,57,8630.0,8897.0,0.0068,0.0579,0.0018,0.0187,0.026,0.0648,aa_system_average,-17.17,172.2,-8152.5,-815192.42,-371894.35,0.0274
hub_spoke,Other_or_non_AA,DCA,unknown,recent,2154,53,2079,217,11,49,80,10089.0,14636.0,0.0246,0.1007,0.0051,0.0227,0.0371,0.1253,aa_system_average,-171.71,-3124.1,-11833.3,-1567251.29,-727600.41,0.0463
hub_spoke,Other_or_non_AA,DFW,adverse,baseline,3969,162,3672,976,40,110,294,31714.0,57984.0,0.0408,0.2459,0.0101,0.0277,0.0741,0.2867,aa_system_average,-165.96,-1466.7,-22870.5,-2518082.26,-634437.46,0.0971
hub_spoke,Other_or_non_AA,DFW,adverse,recent,3584,159,3317,885,27,131,273,29778.0,54615.0,0.0444,0.2469,0.0075,0.0366,0.0762,0.2913,aa_system_average,-212.93,-292.9,-4381.6,-534709.76,-149193.57,0.101
hub_spoke,Other_or_non_AA,DFW,benign,baseline,63779,889,62777,5479,545,1498,2802,338213.0,462165.0,0.0139,0.0859,0.0085,0.0235,0.0439,0.0998,aa_system_average,68.64,-38286.5,-151224.1,-19224181.98,-301418.68,0.0418
hub_spoke,Other_or_non_AA,DFW,benign,recent,58126,701,57306,4953,379,1309,2277,289677.0,383725.0,0.0121,0.0852,0.0065,0.0225,0.0392,0.0973,aa_system_average,-412.94,-68082.8,-167383.4,-24026469.53,-413351.5,0.0397
hub_spoke,Other_or_non_AA,DFW,marginal,baseline,9453,194,9221,1144,65,250,493,52456.0,82730.0,0.0205,0.121,0.0069,0.0264,0.0522,0.1415,aa_system_average,-150.05,-16174.5,-26346.3,-4360015.68,-461230.9,0.055
hub_spoke,Other_or_non_AA,DFW,marginal,recent,8719,311,8369,1131,74,220,467,50691.0,74093.0,0.0357,0.1297,0.0085,0.0252,0.0536,0.1654,aa_system_average,-232.36,-13695.6,-26656.7,-4163032.96,-477466.79,0.061
hub_spoke,Other_or_non_AA,DFW,unknown,baseline,2132,30,2099,149,11,46,70,10926.0,12909.0,0.0141,0.0699,0.0052,0.0216,0.0328,0.084,aa_system_average,-35.49,-2954.2,-5698.7,-888655.74,-416817.89,0.0346
hub_spoke,Other_or_non_AA,DFW,unknown,recent,2107,46,2047,237,18,49,100,11127.0,19323.0,0.0218,0.1125,0.0085,0.0233,0.0475,0.1343,aa_system_average,-49.32,-3933.1,-1115.8,-526588.01,-249923.12,0.0513
hub_spoke,Other_or_non_AA,JFK,adverse,baseline,8512,499,7901,1433,56,357,485,81136.0,78573.0,0.0586,0.1684,0.0066,0.0419,0.057,0.227,aa_system_average,293.77,33161.6,-1242.3,3324038.87,390512.09,0.0815
hub_spoke,Other_or_non_AA,JFK,adverse,recent,7322,308,6885,1513,54,262,462,65904.0,76081.0,0.0421,0.2066,0.0074,0.0358,0.0631,0.2487,aa_system_average,107.04,-15342.5,-19609.3,-3518929.92,-480596.82,0.0869
hub_spoke,Other_or_non_AA,JFK,benign,baseline,125235,1786,123237,9485,723,3827,4060,833365.0,627721.0,0.0143,0.0757,0.0058,0.0306,0.0324,0.09,aa_system_average,682.28,154420.2,-88464.2,6889789.71,55014.89,0.0382
hub_spoke,Other_or_non_AA,JFK,benign,recent,103873,1408,102258,8829,453,2583,3832,591947.0,593786.0,0.0136,0.085,0.0044,0.0249,0.0369,0.0986,aa_system_average,290.19,3185.4,-82025.7,-7923869.16,-76284.2,0.0401
hub_spoke,Other_or_non_AA,JFK,marginal,baseline,26073,894,25059,3064,195,948,1083,209746.0,173454.0,0.0343,0.1175,0.0075,0.0364,0.0415,0.1518,aa_system_average,407.66,30492.7,-19638.3,1217153.96,46682.54,0.0574
hub_spoke,Other_or_non_AA,JFK,marginal,recent,19902,605,19203,2481,87,585,930,139813.0,142095.0,0.0304,0.1247,0.0044,0.0294,0.0467,0.1551,aa_system_average,132.83,-9464.8,-6636.6,-1597525.5,-80269.6,0.0578
hub_spoke,Other_or_non_AA,JFK,unknown,baseline,4236,61,4162,320,3,120,115,28680.0,19405.0,0.0144,0.0755,0.0007,0.0283,0.0271,0.0899,aa_system_average,0.49,-4414.9,-14283.1,-1898521.26,-448187.27,0.0364
hub_spoke,Other_or_non_AA,JFK,unknown,recent,3615,164,3438,390,83,119,160,22251.0,23509.0,0.0454,0.1079,0.023,0.0329,0.0443,0.1533,aa_system_average,59.33,8649.2,3821.5,1283046.21,354922.88,0.0576
hub_spoke,Other_or_non_AA,LAX,adverse,baseline,13032,240,12676,1118,156,324,465,70863.0,76824.0,0.0184,0.0858,0.012,0.0249,0.0357,0.1042,aa_system_average,136.39,-35709.7,-34936.5,-7135186.22,-547512.75,0.0412
hub_spoke,Other_or_non_AA,LAX,adverse,recent,8381,153,8122,901,61,191,304,46513.0,51156.0,0.0183,0.1075,0.0073,0.0228,0.0363,0.1258,aa_system_average,-54.21,-17326.0,-20270.3,-3832945.51,-457337.49,0.0462
hub_spoke,Other_or_non_AA,LAX,benign,baseline,171839,1504,170107,9362,1225,3388,4680,737584.0,791556.0,0.0088,0.0545,0.0071,0.0197,0.0272,0.0632,aa_system_average,659.5,-359098.8,-836997.6,-121269638.95,-705716.62,0.0275
hub_spoke,Other_or_non_AA,LAX,benign,recent,171187,965,170034,9166,569,3238,4514,714989.0,772244.0,0.0056,0.0535,0.0033,0.0189,0.0264,0.0592,aa_system_average,5.75,-477180.1,-794267.6,-129105413.97,-754177.68,0.0261
hub_spoke,Other_or_non_AA,LAX,marginal,baseline,41618,576,40975,2690,365,949,1220,209628.0,205932.0,0.0138,0.0646,0.0088,0.0228,0.0293,0.0785,aa_system_average,167.14,-92005.7,-169818.2,-26539341.96,-637689.03,0.0326
hub_spoke,Other_or_non_AA,LAX,marginal,recent,36189,402,35707,2575,166,785,1150,183871.0,184141.0,0.0111,0.0712,0.0046,0.0217,0.0318,0.0823,aa_system_average,17.95,-120927.3,-189588.3,-31525724.99,-871141.09,0.0339
hub_spoke,Other_or_non_AA,LAX,unknown,baseline,6080,32,6034,302,26,106,140,23708.0,25441.0,0.0053,0.0497,0.0043,0.0174,0.023,0.0549,aa_system_average,-58.57,-15592.1,-40555.9,-5717965.58,-940454.87,0.0238
hub_spoke,Other_or_non_AA,LAX,unknown,recent,6365,58,6285,409,27,139,195,30028.0,31985.0,0.0091,0.0643,0.0042,0.0218,0.0306,0.0734,aa_system_average,-8.68,-6998.6,-35844.2,-4352845.4,-683872.02,0.0315
hub_spoke,Other_or_non_AA,MIA,adverse,baseline,2980,140,2778,614,29,102,200,24444.0,37217.0,0.047,0.206,0.0097,0.0342,0.0671,0.253,aa_system_average,-14.14,-421.0,-6154.1,-671649.31,-225385.68,0.0886
hub_spoke,Other_or_non_AA,MIA,adverse,recent,3165,100,2989,738,17,97,243,23894.0,46407.0,0.0316,0.2332,0.0054,0.0306,0.0768,0.2648,aa_system_average,-31.14,1592.8,8924.1,1059140.54,334641.56,0.093
hub_spoke,Other_or_non_AA,MIA,benign,baseline,51241,747,50424,4356,370,1232,2074,279663.0,352953.0,0.0146,0.085,0.0072,0.024,0.0405,0.0996,aa_system_average,134.07,-81508.7,-80519.8,-16415107.64,-320351.04,0.041
hub_spoke,Other_or_non_AA,MIA,benign,recent,48747,464,48192,4264,198,1188,1888,263759.0,311970.0,0.0095,0.0875,0.0041,0.0244,0.0387,0.097,aa_system_average,62.74,-19230.5,-30444.0,-5026415.39,-103112.3,0.04
hub_spoke,Other_or_non_AA,MIA,marginal,baseline,7930,283,7610,1084,99,241,441,56584.0,79998.0,0.0357,0.1367,0.0125,0.0304,0.0556,0.1724,aa_system_average,-38.13,-4113.2,4460.4,24503.18,3089.93,0.0646
hub_spoke,Other_or_non_AA,MIA,marginal,recent,6988,168,6789,920,31,229,351,49732.0,61035.0,0.024,0.1317,0.0044,0.0328,0.0502,0.1557,aa_system_average,-40.25,6901.6,8537.6,1556399.01,222724.53,0.0597
hub_spoke,Other_or_non_AA,MIA,unknown,baseline,1703,15,1681,125,3,36,55,6882.0,8403.0,0.0088,0.0734,0.0018,0.0211,0.0323,0.0822,aa_system_average,0.97,-4180.4,-2368.6,-664735.73,-390332.2,0.0339
hub_spoke,Other_or_non_AA,MIA,unknown,recent,1695,29,1662,197,5,51,76,11522.0,12964.0,0.0171,0.1162,0.0029,0.0301,0.0448,0.1333,aa_system_average,-8.13,-1464.3,-2583.2,-413287.15,-243827.23,0.0521
hub_spoke,Other_or_non_AA,ORD,adverse,baseline,12186,533,11399,2152,253,357,676,79197.0,121751.0,0.0437,0.1766,0.0208,0.0293,0.0555,0.2203,aa_system_average,-3.84,-20698.7,-61713.6,-8369501.39,-686812.85,0.0763
hub_spoke,Other_or_non_AA,ORD,adverse,recent,9005,425,8377,2097,48,286,667,69364.0,128609.0,0.0472,0.2329,0.0053,0.0318,0.0741,0.2801,aa_system_average,-530.09,3313.3,-1631.1,21325.44,2368.18,0.0965
hub_spoke,Other_or_non_AA,ORD,benign,baseline,177228,2091,174890,12221,1349,3472,6145,775599.0,979556.0,0.0118,0.069,0.0076,0.0196,0.0347,0.0808,aa_system_average,648.12,-165982.5,-473867.2,-64789699.52,-365572.59,0.0338
hub_spoke,Other_or_non_AA,ORD,benign,recent,184401,1293,182814,13752,577,3610,6618,814838.0,1060536.0,0.007,0.0746,0.0031,0.0196,0.0359,0.0816,aa_system_average,-1038.93,-90259.2,-607276.9,-71123119.38,-385698.12,0.0343
hub_spoke,Other_or_non_AA,ORD,marginal,baseline,33017,651,32264,3127,304,771,1401,165261.0,218693.0,0.0197,0.0947,0.0092,0.0234,0.0424,0.1144,aa_system_average,-58.41,-30119.0,-95252.3,-12747084.26,-386076.39,0.0451
hub_spoke,Other_or_non_AA,ORD,marginal,recent,33095,452,32549,4289,131,887,1690,189943.0,269206.0,0.0137,0.1296,0.004,0.0268,0.0511,0.1433,aa_system_average,-679.04,-12845.3,-139495.3,-15660660.28,-473203.21,0.0553
hub_spoke,Other_or_non_AA,ORD,unknown,baseline,6249,33,6205,387,23,109,195,22835.0,29228.0,0.0053,0.0619,0.0037,0.0174,0.0312,0.0672,aa_system_average,-24.03,-13110.7,-27384.5,-4118792.4,-659112.24,0.029
hub_spoke,Other_or_non_AA,ORD,unknown,recent,6742,213,6515,855,21,205,352,40149.0,59948.0,0.0316,0.1268,0.0031,0.0304,0.0522,0.1584,aa_system_average,-109.68,-5235.0,-11074.0,-1687000.43,-250222.55,0.0603
hub_spoke,Other_or_non_AA,PHL,adverse,baseline,2900,118,2750,495,23,89,169,20269.0,29090.0,0.0407,0.1707,0.0079,0.0307,0.0583,0.2114,aa_system_average,-85.13,-7439.9,-9398.9,-1733872.68,-597887.13,0.0751
hub_spoke,Other_or_non_AA,PHL,adverse,recent,2486,89,2360,570,15,104,194,20660.0,31548.0,0.0358,0.2293,0.006,0.0418,0.078,0.2651,aa_system_average,-133.92,-8814.3,-6935.7,-1637066.72,-658514.37,0.0962
hub_spoke,Other_or_non_AA,PHL,benign,baseline,49074,690,48342,3716,385,1120,1978,258723.0,353098.0,0.0141,0.0757,0.0078,0.0228,0.0403,0.0898,aa_system_average,63.66,-46713.9,-90301.0,-13894993.4,-283143.69,0.0382
hub_spoke,Other_or_non_AA,PHL,benign,recent,43279,450,42772,3785,243,1059,1945,241066.0,332972.0,0.0104,0.0875,0.0056,0.0245,0.0449,0.0979,aa_system_average,-296.51,-67151.5,-107396.4,-17807796.6,-411465.07,0.0418
hub_spoke,Other_or_non_AA,PHL,marginal,baseline,9472,261,9198,1075,71,264,521,53765.0,82094.0,0.0276,0.1135,0.0075,0.0279,0.055,0.141,aa_system_average,42.05,-14569.5,-30345.2,-4548925.33,-480249.72,0.056
hub_spoke,Other_or_non_AA,PHL,marginal,recent,8848,176,8656,1106,55,245,517,53668.0,88391.0,0.0199,0.125,0.0062,0.0277,0.0584,0.1449,aa_system_average,-198.4,-21221.8,-20718.8,-4314742.71,-487651.75,0.0578
hub_spoke,Other_or_non_AA,PHL,unknown,baseline,1757,16,1737,156,5,53,58,12123.0,10118.0,0.0091,0.0888,0.0028,0.0302,0.033,0.0979,aa_system_average,-22.47,2231.3,-2773.9,-61430.95,-34963.54,0.0403
hub_spoke,Other_or_non_AA,PHL,unknown,recent,1583,40,1534,163,13,46,61,9099.0,10919.0,0.0253,0.103,0.0082,0.0291,0.0385,0.1282,aa_system_average,-24.02,-345.9,-6229.8,-674497.06,-426087.84,0.049
hub_spoke,Other_or_non_AA,PHX,adverse,baseline,4832,156,4591,670,25,126,281,29431.0,49849.0,0.0323,0.1387,0.0052,0.0261,0.0582,0.1709,aa_system_average,54.88,-13707.0,-4035.4,-1786142.25,-369648.65,0.0638
hub_spoke,Other_or_non_AA,PHX,adverse,recent,5444,175,5081,880,22,142,373,29492.0,74248.0,0.0321,0.1616,0.004,0.0261,0.0685,0.1938,aa_system_average,-45.12,-18943.5,23894.5,490016.31,90010.34,0.0721
hub_spoke,Other_or_non_AA,PHX,benign,baseline,174034,1135,172710,8942,775,2834,5270,632647.0,928349.0,0.0065,0.0514,0.0045,0.0163,0.0303,0.0579,aa_system_average,456.82,-382439.4,-352335.8,-74482697.44,-427977.85,0.0261
hub_spoke,Other_or_non_AA,PHX,benign,recent,173886,1118,172579,9412,550,2931,5245,630352.0,936222.0,0.0064,0.0541,0.0032,0.0169,0.0302,0.0606,aa_system_average,241.63,-292801.7,-206306.7,-50612996.4,-291069.99,0.0269
hub_spoke,Other_or_non_AA,PHX,marginal,baseline,16505,245,16203,1212,116,319,631,69925.0,109286.0,0.0148,0.0734,0.007,0.0193,0.0382,0.0883,aa_system_average,87.46,-47703.1,-49881.3,-9884376.31,-598871.63,0.0365
hub_spoke,Other_or_non_AA,PHX,marginal,recent,16886,222,16624,1458,70,383,692,79435.0,114400.0,0.0131,0.0863,0.0041,0.0227,0.041,0.0995,aa_system_average,19.67,-35333.3,1081.7,-3472474.12,-205642.2,0.0408
hub_spoke,Other_or_non_AA,PHX,unknown,baseline,5545,24,5508,277,15,78,164,17098.0,27835.0,0.0043,0.05,0.0027,0.0141,0.0296,0.0543,aa_system_average,-24.25,-18872.4,-8414.1,-2777594.91,-500918.83,0.0245
hub_spoke,Other_or_non_AA,PHX,unknown,recent,5799,42,5750,382,16,127,208,25144.0,36259.0,0.0072,0.0659,0.0028,0.0219,0.0359,0.0731,aa_system_average,-6.48,-12598.9,1101.8,-1169282.74,-201635.24,0.0327
hub_spoke,PSA_operated,CLT,adverse,baseline,6039,262,5693,997,3,132,467,32453.0,79692.0,0.0434,0.1651,0.0005,0.0219,0.0773,0.2085,aa_system_average,48.39,-5826.1,-9918.6,-1585122.75,-262481.0,0.0769
hub_spoke,PSA_operated,CLT,adverse,recent,5489,579,4840,1017,17,145,470,40650.0,80304.0,0.1055,0.1853,0.0031,0.0264,0.0856,0.2908,aa_system_average,167.85,4815.2,7584.6,1306447.68,238011.96,0.1007
hub_spoke,PSA_operated,CLT,benign,baseline,88427,590,87752,5871,89,1657,3609,392996.0,616359.0,0.0067,0.0664,0.001,0.0187,0.0408,0.0731,aa_system_average,-198.73,-133644.1,-180667.9,-31972331.39,-361567.52,0.0332
hub_spoke,PSA_operated,CLT,benign,recent,74549,1433,73043,5747,321,1536,3719,386803.0,614332.0,0.0192,0.0771,0.0043,0.0206,0.0499,0.0963,aa_system_average,595.82,12408.6,84225.4,9980561.47,133879.21,0.0417
hub_spoke,PSA_operated,CLT,marginal,baseline,15076,442,14592,1581,45,338,901,81057.0,151435.0,0.0293,0.1049,0.003,0.0224,0.0598,0.1342,aa_system_average,24.25,-25258.5,-14303.2,-4010384.48,-266011.18,0.0541
hub_spoke,PSA_operated,CLT,marginal,recent,13477,728,12714,1673,80,408,977,108811.0,156854.0,0.054,0.1241,0.0059,0.0303,0.0725,0.1782,aa_system_average,282.81,18062.7,34400.8,5407071.85,401207.38,0.0702
hub_spoke,PSA_operated,CLT,unknown,baseline,3444,93,3344,252,13,58,121,14339.0,26653.0,0.027,0.0732,0.0038,0.0168,0.0351,0.1002,aa_system_average,-8.39,-4706.3,-409.4,-521833.09,-151519.48,0.038
hub_spoke,PSA_operated,CLT,unknown,recent,2883,131,2748,247,52,57,148,11752.0,22772.0,0.0454,0.0857,0.018,0.0198,0.0513,0.1311,aa_system_average,66.76,-4214.5,94.4,-399535.06,-138583.1,0.0506
hub_spoke,PSA_operated,DCA,adverse,baseline,3069,286,2720,559,8,100,252,23990.0,45304.0,0.0932,0.1821,0.0026,0.0326,0.0821,0.2753,aa_system_average,31.63,-2849.9,606.9,-218836.37,-71305.43,0.0975
hub_spoke,PSA_operated,DCA,adverse,recent,3770,836,2859,826,60,144,343,31655.0,68938.0,0.2218,0.2191,0.0159,0.0382,0.091,0.4408,aa_system_average,137.73,1900.3,7129.4,955745.69,253513.44,0.1425
hub_spoke,PSA_operated,DCA,benign,baseline,55038,641,54306,4404,102,1270,2700,288706.0,481784.0,0.0116,0.08,0.0019,0.0231,0.0491,0.0917,aa_system_average,36.91,9533.0,-22097.6,-1265443.29,-22992.17,0.0409
hub_spoke,PSA_operated,DCA,benign,recent,62885,2959,59795,7972,878,1887,4987,452583.0,805556.0,0.0471,0.1268,0.014,0.03,0.0793,0.1738,aa_system_average,726.45,62895.5,79041.4,14617602.05,232449.74,0.0708
hub_spoke,PSA_operated,DCA,marginal,baseline,12014,588,11353,1559,20,372,864,84407.0,160229.0,0.0489,0.1298,0.0017,0.031,0.0719,0.1787,aa_system_average,69.15,7154.1,9197.4,1679880.42,139826.9,0.0704
hub_spoke,PSA_operated,DCA,marginal,recent,13309,1411,11849,2232,200,494,1285,121298.0,212551.0,0.106,0.1677,0.015,0.0371,0.0966,0.2737,aa_system_average,230.67,13913.2,24270.5,3942344.6,296216.44,0.1018
hub_spoke,PSA_operated,DCA,unknown,baseline,2101,28,2071,171,1,45,86,8278.0,14926.0,0.0133,0.0814,0.0005,0.0214,0.0409,0.0947,aa_system_average,-2.83,206.1,-1345.7,-116522.43,-55460.46,0.0393
hub_spoke,PSA_operated,DCA,unknown,recent,2452,334,2094,314,151,77,158,16693.0,26349.0,0.1362,0.1281,0.0616,0.0314,0.0644,0.2643,aa_system_average,78.2,3384.5,-311.3,334120.27,136264.38,0.09
hub_spoke,PSA_operated,DFW,adverse,baseline,1123,100,1003,268,0,39,111,11285.0,25981.0,0.089,0.2386,0.0,0.0347,0.0988,0.3277,aa_system_average,7.2,2221.8,3895.7,623222.76,554962.39,0.1153
hub_spoke,PSA_operated,DFW,adverse,recent,2207,312,1851,474,14,66,207,20837.0,39870.0,0.1414,0.2148,0.0063,0.0299,0.0938,0.3561,aa_system_average,82.97,4056.4,6947.9,1140808.22,516904.49,0.12
hub_spoke,PSA_operated,DFW,benign,baseline,14693,234,14444,1340,46,335,858,81638.0,174206.0,0.0159,0.0912,0.0031,0.0228,0.0584,0.1071,aa_system_average,45.01,-4988.6,33074.8,2864660.05,194967.67,0.0471
hub_spoke,PSA_operated,DFW,benign,recent,29020,932,28036,3422,229,890,2177,213061.0,389583.0,0.0321,0.1179,0.0079,0.0307,0.075,0.15,aa_system_average,375.85,38033.0,119962.5,16149378.34,556491.33,0.0639
hub_spoke,PSA_operated,DFW,marginal,baseline,2145,127,2011,283,7,58,149,14675.0,31082.0,0.0592,0.1319,0.0033,0.027,0.0695,0.1911,aa_system_average,48.93,-292.6,7293.6,724711.58,337860.88,0.0719
hub_spoke,PSA_operated,DFW,marginal,recent,3805,282,3499,620,17,121,352,27823.0,65969.0,0.0741,0.1629,0.0045,0.0318,0.0925,0.2371,aa_system_average,44.88,903.6,23846.5,2525859.46,663826.4,0.0903
hub_spoke,PSA_operated,DFW,unknown,baseline,530,6,522,39,1,11,22,4179.0,5593.0,0.0113,0.0736,0.0019,0.0208,0.0415,0.0849,aa_system_average,-10.28,727.1,965.5,168971.26,318813.69,0.0368
hub_spoke,PSA_operated,DFW,unknown,recent,1081,60,1018,124,10,31,78,7528.0,13784.0,0.0555,0.1147,0.0093,0.0287,0.0722,0.1702,aa_system_average,11.1,38.4,3619.5,374568.69,346502.03,0.0678
hub_spoke,PSA_operated,ORD,adverse,recent,186,42,144,57,0,9,31,2577.0,6448.0,0.2258,0.3065,0.0,0.0484,0.1667,0.5323,aa_system_average,22.27,1441.6,4209.2,580079.35,3118706.2,0.1868
hub_spoke,PSA_operated,ORD,benign,recent,3252,118,3128,581,19,109,412,23928.0,84288.0,0.0363,0.1787,0.0058,0.0335,0.1267,0.2149,aa_system_average,76.88,8441.5,55751.2,6540026.66,2011078.31,0.0938
hub_spoke,PSA_operated,ORD,marginal,recent,631,41,589,194,5,35,126,8588.0,28998.0,0.065,0.3074,0.0079,0.0555,0.1997,0.3724,aa_system_average,19.44,4918.4,21602.2,2698471.91,4276500.66,0.1569
hub_spoke,PSA_operated,ORD,unknown,recent,127,13,114,42,0,8,24,3324.0,2967.0,0.1024,0.3307,0.0,0.063,0.189,0.4331,aa_system_average,6.92,2529.9,1724.3,433929.25,3416765.73,0.1713
hub_spoke,PSA_operated,PHL,adverse,baseline,1049,79,962,180,2,31,61,9929.0,13772.0,0.0753,0.1716,0.0019,0.0296,0.0582,0.2469,aa_system_average,5.52,235.9,307.9,56777.99,54125.82,0.0837
hub_spoke,PSA_operated,PHL,adverse,recent,1348,181,1143,310,13,49,126,15145.0,21478.0,0.1343,0.23,0.0096,0.0364,0.0935,0.3642,aa_system_average,60.12,870.0,2839.5,393627.38,292008.44,0.1235
hub_spoke,PSA_operated,PHL,benign,baseline,18857,179,18648,1332,41,435,759,91903.0,143378.0,0.0095,0.0706,0.0022,0.0231,0.0403,0.0801,aa_system_average,-61.67,-25919.7,-27663.8,-5458446.83,-289465.28,0.0359
hub_spoke,PSA_operated,PHL,benign,recent,22345,629,21689,2304,168,657,1395,158005.0,256038.0,0.0281,0.1031,0.0075,0.0294,0.0624,0.1313,aa_system_average,243.57,1712.8,32734.2,3566550.24,159612.9,0.0558
hub_spoke,PSA_operated,PHL,marginal,baseline,3660,79,3567,431,3,121,211,22312.0,43124.0,0.0216,0.1178,0.0008,0.0331,0.0577,0.1393,aa_system_average,-5.6,-4188.2,-480.1,-475617.62,-129950.17,0.0575
hub_spoke,PSA_operated,PHL,marginal,recent,5077,332,4732,809,44,199,432,47000.0,79471.0,0.0654,0.1593,0.0087,0.0392,0.0851,0.2247,aa_system_average,117.17,6059.8,19823.6,2661327.01,524192.83,0.0873
hub_spoke,PSA_operated,PHL,unknown,baseline,695,17,674,45,2,8,28,1933.0,4044.0,0.0245,0.0647,0.0029,0.0115,0.0403,0.0892,aa_system_average,1.78,-1905.2,-958.4,-290276.99,-417664.74,0.0353
hub_spoke,PSA_operated,PHL,unknown,recent,838,41,793,100,9,21,57,4236.0,10989.0,0.0489,0.1193,0.0107,0.0251,0.068,0.1683,aa_system_average,7.11,-646.5,2123.9,152023.38,181412.14,0.0653
hub_spoke,Republic_unresolved,CLT,adverse,baseline,229,6,221,39,0,8,11,1455.0,1477.0,0.0262,0.1703,0.0,0.0349,0.048,0.1965,aa_system_average,-2.1,-31.0,-2001.6,-206991.97,-903895.08,0.0699
hub_spoke,Republic_unresolved,CLT,adverse,recent,321,30,289,50,2,4,15,877.0,2190.0,0.0935,0.1558,0.0062,0.0125,0.0467,0.2492,aa_system_average,5.96,-1262.7,-2152.1,-345076.13,-1075003.53,0.0771
hub_spoke,Republic_unresolved,CLT,benign,baseline,3856,47,3806,192,9,92,51,14491.0,8228.0,0.0122,0.0498,0.0023,0.0239,0.0132,0.062,aa_system_average,12.61,-8350.6,-26340.8,-3519124.56,-912636.04,0.0248
hub_spoke,Republic_unresolved,CLT,benign,recent,5040,93,4943,311,9,119,79,20105.0,13951.0,0.0185,0.0617,0.0018,0.0236,0.0157,0.0802,aa_system_average,36.4,-5231.2,-21922.6,-2747023.54,-545044.35,0.0299
hub_spoke,Republic_unresolved,CLT,marginal,baseline,770,13,755,68,3,17,18,2901.0,2744.0,0.0169,0.0883,0.0039,0.0221,0.0234,0.1052,aa_system_average,-8.34,-2599.8,-5831.4,-858487.22,-1114918.47,0.0377
hub_spoke,Republic_unresolved,CLT,marginal,recent,1113,43,1068,111,6,26,36,5094.0,6283.0,0.0386,0.0997,0.0054,0.0234,0.0323,0.1384,aa_system_average,6.23,-2529.0,-4003.3,-661556.38,-594390.28,0.0485
hub_spoke,Republic_unresolved,CLT,unknown,baseline,149,1,148,8,0,1,2,131.0,195.0,0.0067,0.0537,0.0,0.0067,0.0134,0.0604,aa_system_average,-3.39,-711.9,-1002.7,-175066.53,-1174943.19,0.0201
hub_spoke,Republic_unresolved,CLT,unknown,recent,193,6,186,16,0,3,3,940.0,332.0,0.0311,0.0829,0.0,0.0155,0.0155,0.114,aa_system_average,1.7,-140.7,-1202.9,-135958.81,-704449.8,0.0363
hub_spoke,Republic_unresolved,DCA,adverse,baseline,1881,136,1713,240,17,32,96,6412.0,14638.0,0.0723,0.1276,0.009,0.017,0.051,0.1999,aa_system_average,-19.9,-10491.2,-13511.3,-2442906.3,-1298727.43,0.067
hub_spoke,Republic_unresolved,DCA,adverse,recent,2052,321,1703,384,11,61,116,13272.0,21904.0,0.1564,0.1871,0.0054,0.0297,0.0565,0.3436,aa_system_average,-59.07,-4451.8,-14913.1,-1983028.49,-966388.15,0.1075
hub_spoke,Republic_unresolved,DCA,benign,baseline,39131,284,38810,1356,23,446,599,83975.0,102514.0,0.0073,0.0347,0.0006,0.0114,0.0153,0.0419,aa_system_average,-145.5,-115537.1,-257587.0,-37929295.39,-969290.21,0.0172
hub_spoke,Republic_unresolved,DCA,benign,recent,38216,928,37237,2690,82,601,1251,107020.0,198229.0,0.0243,0.0704,0.0021,0.0157,0.0327,0.0947,aa_system_average,-428.75,-135655.7,-254203.9,-39708550.19,-1039055.64,0.0358
hub_spoke,Republic_unresolved,DCA,marginal,baseline,8388,268,8085,656,23,112,292,23286.0,45512.0,0.032,0.0782,0.0027,0.0134,0.0348,0.1102,aa_system_average,-94.25,-31729.4,-62044.7,-9548710.47,-1138377.5,0.0396
hub_spoke,Republic_unresolved,DCA,marginal,recent,7510,597,6894,925,41,172,384,28967.0,56877.0,0.0795,0.1232,0.0055,0.0229,0.0511,0.2027,aa_system_average,-69.04,-33511.8,-52668.6,-8770511.37,-1167844.39,0.0692
hub_spoke,Republic_unresolved,DCA,unknown,baseline,1463,9,1450,59,0,20,20,3620.0,3954.0,0.0062,0.0403,0.0,0.0137,0.0137,0.0465,aa_system_average,-12.47,-2031.5,-7438.6,-965139.96,-659699.22,0.0185
hub_spoke,Republic_unresolved,DCA,unknown,recent,1461,85,1365,98,7,22,40,4928.0,6721.0,0.0582,0.0671,0.0048,0.0151,0.0274,0.1253,aa_system_average,-67.42,-3747.3,-10657.8,-1481756.1,-1014206.78,0.0419
hub_spoke,Republic_unresolved,DFW,adverse,baseline,6,0,4,2,0,0,1,0.0,297.0,0.0,0.3333,0.0,0.0,0.1667,0.3333,aa_system_average,-0.5,-36.1,208.9,17404.71,2900784.6,0.125
hub_spoke,Republic_unresolved,DFW,adverse,recent,5,0,4,1,0,1,0,912.0,50.0,0.0,0.2,0.0,0.2,0.0,0.2,aa_system_average,-0.52,875.7,-21.1,86631.87,17326374.01,0.1
hub_spoke,Republic_unresolved,DFW,benign,baseline,63,0,62,2,0,0,2,83.0,316.0,0.0,0.0317,0.0,0.0,0.0317,0.0317,aa_system_average,-0.81,-288.8,-289.8,-58985.21,-936273.11,0.0159
hub_spoke,Republic_unresolved,DFW,benign,recent,52,0,52,14,0,3,5,328.0,834.0,0.0,0.2692,0.0,0.0577,0.0962,0.2692,aa_system_average,-1.0,3.4,333.9,33967.97,653230.2,0.1058
hub_spoke,Republic_unresolved,DFW,marginal,baseline,14,1,13,2,0,1,0,81.0,48.0,0.0714,0.1429,0.0,0.0714,0.0,0.2143,aa_system_average,0.49,-15.8,-105.8,-12202.81,-871629.55,0.0714
hub_spoke,Republic_unresolved,DFW,marginal,recent,7,0,7,1,0,1,0,154.0,0.0,0.0,0.1429,0.0,0.1429,0.0,0.1429,aa_system_average,-0.44,100.1,-84.3,1489.15,212736.05,0.0714
hub_spoke,Republic_unresolved,DFW,unknown,baseline,1,0,1,0,0,0,0,0.0,0.0,0.0,0.0,0.0,0.0,0.0,0.0,aa_system_average,-0.03,-6.6,-8.9,-1580.33,-1580331.21,0.0
hub_spoke,Republic_unresolved,JFK,adverse,baseline,1552,148,1392,214,28,27,71,6836.0,11898.0,0.0954,0.1379,0.018,0.0174,0.0457,0.2332,aa_system_average,110.58,-1616.1,-2163.9,-352651.44,-227223.86,0.0741
hub_spoke,Republic_unresolved,JFK,adverse,recent,1600,180,1406,339,12,39,133,6997.0,19312.0,0.1125,0.2119,0.0075,0.0244,0.0831,0.3244,aa_system_average,136.09,-9594.5,-229.1,-959146.11,-599466.32,0.108
hub_spoke,Republic_unresolved,JFK,benign,baseline,23999,293,23695,953,34,324,375,55114.0,61175.0,0.0122,0.0397,0.0014,0.0135,0.0156,0.0519,aa_system_average,81.49,-75427.9,-76527.2,-15407053.52,-641987.31,0.0203
hub_spoke,Republic_unresolved,JFK,benign,recent,21962,515,21432,1471,19,379,590,64466.0,90506.0,0.0234,0.067,0.0009,0.0173,0.0269,0.0904,aa_system_average,278.66,-58931.1,-51135.7,-11097964.15,-505325.75,0.0336
hub_spoke,Republic_unresolved,JFK,marginal,baseline,5028,183,4826,420,34,79,150,16167.0,22728.0,0.0364,0.0835,0.0068,0.0157,0.0298,0.1199,aa_system_average,89.21,-18354.6,-14458.8,-3306819.91,-657680.97,0.0414
hub_spoke,Republic_unresolved,JFK,marginal,recent,4739,279,4453,579,25,103,224,16854.0,34215.0,0.0589,0.1222,0.0053,0.0217,0.0473,0.1811,aa_system_average,166.57,-17762.1,-274.5,-1784528.15,-376562.17,0.0625
hub_spoke,Republic_unresolved,JFK,unknown,baseline,918,32,886,30,2,8,13,1193.0,1517.0,0.0349,0.0327,0.0022,0.0087,0.0142,0.0675,aa_system_average,18.89,-5852.2,-5654.5,-1163099.03,-1266992.4,0.0226
hub_spoke,Republic_unresolved,JFK,unknown,recent,872,35,830,69,3,14,26,2447.0,4388.0,0.0401,0.0791,0.0034,0.0161,0.0298,0.1193,aa_system_average,9.75,-836.7,-364.9,-119273.29,-136781.29,0.0413
hub_spoke,Republic_unresolved,MIA,adverse,baseline,62,3,50,10,0,1,5,175.0,1238.0,0.0484,0.1613,0.0,0.0161,0.0806,0.2097,aa_system_average,-0.21,-272.5,457.4,18711.7,301801.55,0.0766
hub_spoke,Republic_unresolved,MIA,adverse,recent,141,3,136,32,0,7,9,1405.0,1364.0,0.0213,0.227,0.0,0.0496,0.0638,0.2482,aa_system_average,-2.84,390.3,-341.5,4155.21,29469.55,0.0904
hub_spoke,Republic_unresolved,MIA,benign,baseline,901,10,891,60,0,17,35,3145.0,4741.0,0.0111,0.0666,0.0,0.0189,0.0388,0.0777,aa_system_average,-0.78,-3237.0,-2918.5,-625268.57,-693971.78,0.0339
hub_spoke,Republic_unresolved,MIA,benign,recent,2108,12,2095,218,0,77,98,19924.0,19226.0,0.0057,0.1034,0.0,0.0365,0.0465,0.1091,aa_system_average,-5.35,7621.9,4340.6,1213202.44,575522.98,0.048
hub_spoke,Republic_unresolved,MIA,marginal,baseline,182,8,173,14,0,3,2,838.0,542.0,0.044,0.0769,0.0,0.0165,0.011,0.1209,aa_system_average,0.63,-541.8,-1175.2,-174178.31,-957023.68,0.0371
hub_spoke,Republic_unresolved,MIA,marginal,recent,254,4,250,24,0,3,15,655.0,2634.0,0.0157,0.0945,0.0,0.0118,0.0591,0.1102,aa_system_average,-3.57,-922.2,700.8,-23485.9,-92464.16,0.0453
hub_spoke,Republic_unresolved,MIA,unknown,baseline,38,0,38,3,0,1,2,292.0,225.0,0.0,0.0789,0.0,0.0263,0.0526,0.0789,aa_system_average,-0.31,41.9,-18.5,2290.78,60283.76,0.0395
hub_spoke,Republic_unresolved,MIA,unknown,recent,50,1,49,4,0,2,1,222.0,210.0,0.02,0.08,0.0,0.04,0.02,0.1,aa_system_average,-0.1,-160.9,-248.4,-41582.44,-831648.75,0.04
hub_spoke,Republic_unresolved,ORD,adverse,baseline,2100,86,1990,248,3,35,75,6739.0,13439.0,0.041,0.1181,0.0014,0.0167,0.0357,0.159,aa_system_average,-6.51,-10700.5,-18589.6,-2976051.98,-1417167.61,0.0529
hub_spoke,Republic_unresolved,ORD,adverse,recent,2794,338,2426,555,4,62,208,13564.0,30307.0,0.121,0.1986,0.0014,0.0222,0.0744,0.3196,aa_system_average,41.66,-5564.4,-7410.9,-1305808.35,-467361.61,0.1041
hub_spoke,Republic_unresolved,ORD,benign,baseline,24544,123,24399,748,15,238,340,48237.0,57844.0,0.005,0.0305,0.0006,0.0097,0.0139,0.0355,aa_system_average,-76.82,-83123.5,-144923.9,-23178358.87,-944359.47,0.0148
hub_spoke,Republic_unresolved,ORD,benign,recent,43435,556,42853,2442,11,556,1330,111794.0,207338.0,0.0128,0.0562,0.0003,0.0128,0.0306,0.069,aa_system_average,6.72,-100367.7,-183610.1,-28834157.7,-663846.15,0.0281
hub_spoke,Republic_unresolved,ORD,marginal,baseline,5752,100,5643,351,2,71,156,12254.0,25228.0,0.0174,0.061,0.0003,0.0123,0.0271,0.0784,aa_system_average,-23.59,-21918.1,-29681.3,-5246227.03,-912070.07,0.0295
hub_spoke,Republic_unresolved,ORD,marginal,recent,10091,354,9710,1178,6,180,556,35309.0,82255.0,0.0351,0.1167,0.0006,0.0178,0.0551,0.1518,aa_system_average,9.14,-25186.7,-39668.5,-6583041.47,-652367.6,0.0562
hub_spoke,Republic_unresolved,ORD,unknown,baseline,1086,4,1082,32,1,15,12,2305.0,1590.0,0.0037,0.0295,0.0009,0.0138,0.011,0.0331,aa_system_average,-5.91,-3963.0,-8281.8,-1245052.86,-1146457.51,0.0145
hub_spoke,Republic_unresolved,ORD,unknown,recent,1837,63,1771,269,0,42,133,9351.0,20345.0,0.0343,0.1464,0.0,0.0229,0.0724,0.1807,aa_system_average,-24.92,-2985.9,1038.8,-204746.44,-111456.96,0.069
hub_spoke,Republic_unresolved,PHL,adverse,baseline,768,72,686,119,1,20,40,3644.0,7568.0,0.0938,0.1549,0.0013,0.026,0.0521,0.2487,aa_system_average,18.2,-3268.1,-2033.2,-533181.53,-694246.78,0.0817
hub_spoke,Republic_unresolved,PHL,adverse,recent,564,69,484,96,3,10,41,1910.0,6285.0,0.1223,0.1702,0.0053,0.0177,0.0727,0.2926,aa_system_average,18.43,-4134.7,-1607.4,-577879.55,-1024609.13,0.0957
hub_spoke,Republic_unresolved,PHL,benign,baseline,12989,149,12832,434,2,158,182,27928.0,32617.0,0.0115,0.0334,0.0002,0.0122,0.014,0.0449,aa_system_average,-16.78,-53147.8,-85079.7,-14040816.57,-1080977.49,0.0178
hub_spoke,Republic_unresolved,PHL,benign,recent,10779,146,10622,642,4,154,325,31250.0,53001.0,0.0135,0.0596,0.0004,0.0143,0.0302,0.0731,aa_system_average,-39.93,-45292.7,-56360.1,-10333429.16,-958663.06,0.0294
hub_spoke,Republic_unresolved,PHL,marginal,baseline,2491,71,2413,168,2,40,72,7003.0,11633.0,0.0285,0.0674,0.0008,0.0161,0.0289,0.0959,aa_system_average,13.42,-10923.8,-17864.2,-2919454.83,-1172001.14,0.0352
hub_spoke,Republic_unresolved,PHL,marginal,recent,2383,86,2287,251,3,43,112,7689.0,19201.0,0.0361,0.1053,0.0013,0.018,0.047,0.1414,aa_system_average,-14.84,-12097.6,-9626.9,-2210163.01,-927470.84,0.0516
hub_spoke,Republic_unresolved,PHL,unknown,baseline,468,11,457,13,0,3,5,937.0,760.0,0.0235,0.0278,0.0,0.0064,0.0107,0.0513,aa_system_average,0.75,-1665.5,-2631.8,-436149.38,-931943.13,0.0171
hub_spoke,Republic_unresolved,PHL,unknown,recent,391,21,366,37,0,3,17,877.0,2689.0,0.0537,0.0946,0.0,0.0077,0.0435,0.1483,aa_system_average,5.19,-1376.5,-1402.6,-280731.59,-717983.61,0.0499
hub_spoke,SkyWest_unresolved,CLT,adverse,baseline,6,0,6,3,0,1,0,105.0,0.0,0.0,0.5,0.0,0.1667,0.0,0.5,aa_system_average,-0.21,64.7,-94.4,-3084.44,-514074.15,0.1667
hub_spoke,SkyWest_unresolved,CLT,adverse,recent,75,5,69,18,0,9,1,2870.0,88.0,0.0667,0.24,0.0,0.12,0.0133,0.3067,aa_system_average,-0.62,2359.1,-948.7,143045.47,1907272.95,0.11
hub_spoke,SkyWest_unresolved,CLT,benign,baseline,90,0,90,9,0,6,0,1016.0,0.0,0.0,0.1,0.0,0.0667,0.0,0.1,aa_system_average,-0.8,475.9,-817.4,-34911.17,-387901.88,0.0417
hub_spoke,SkyWest_unresolved,CLT,benign,recent,1002,11,990,91,2,52,12,16290.0,3580.0,0.011,0.0908,0.002,0.0519,0.012,0.1018,aa_system_average,-0.25,11215.6,-3604.9,772744.78,771202.38,0.0414
hub_spoke,SkyWest_unresolved,CLT,marginal,baseline,14,0,14,3,0,2,0,260.0,0.0,0.0,0.2143,0.0,0.1429,0.0,0.2143,aa_system_average,-0.39,158.0,-159.0,-212.61,-15186.13,0.0893
hub_spoke,SkyWest_unresolved,CLT,marginal,recent,144,3,141,12,0,6,3,923.0,616.0,0.0208,0.0833,0.0,0.0417,0.0208,0.1042,aa_system_average,-1.76,-83.4,-742.0,-84312.71,-585504.93,0.0417
hub_spoke,SkyWest_unresolved,CLT,unknown,baseline,4,0,4,1,0,1,0,116.0,0.0,0.0,0.25,0.0,0.25,0.0,0.25,aa_system_average,-0.12,93.2,-32.4,6145.42,1536355.59,0.125
hub_spoke,SkyWest_unresolved,CLT,unknown,recent,35,0,35,3,0,1,0,86.0,35.0,0.0,0.0857,0.0,0.0286,0.0,0.0857,aa_system_average,-0.78,-117.4,-253.8,-37911.9,-1083197.22,0.0286
hub_spoke,SkyWest_unresolved,DCA,adverse,baseline,11,1,10,3,0,2,1,292.0,904.0,0.0909,0.2727,0.0,0.1818,0.0909,0.3636,aa_system_average,0.09,193.3,739.7,94764.47,8614952.03,0.1591
hub_spoke,SkyWest_unresolved,DCA,adverse,recent,2,0,2,1,0,0,0,0.0,22.0,0.0,0.5,0.0,0.0,0.0,0.5,aa_system_average,-0.37,-20.8,-21.2,-4374.63,-2187315.8,0.125
hub_spoke,SkyWest_unresolved,DCA,benign,baseline,185,1,183,13,0,1,7,307.0,1058.0,0.0054,0.0703,0.0,0.0054,0.0378,0.0757,aa_system_average,-1.03,-633.8,-640.0,-129629.63,-700700.69,0.0297
hub_spoke,SkyWest_unresolved,DCA,benign,recent,69,1,68,7,0,1,1,166.0,190.0,0.0145,0.1014,0.0,0.0145,0.0145,0.1159,aa_system_average,-1.45,-277.2,-636.2,-93155.04,-1350072.99,0.0362
hub_spoke,SkyWest_unresolved,DCA,marginal,baseline,44,0,44,3,0,1,1,359.0,136.0,0.0,0.0682,0.0,0.0227,0.0227,0.0682,aa_system_average,-1.9,59.6,-449.3,-40111.97,-911635.59,0.0284
hub_spoke,SkyWest_unresolved,DCA,marginal,recent,17,3,14,1,0,0,0,107.0,31.0,0.1765,0.0588,0.0,0.0,0.0,0.2353,aa_system_average,1.49,-19.9,-191.5,-21039.2,-1237600.26,0.0588
hub_spoke,SkyWest_unresolved,DCA,unknown,baseline,9,0,9,0,0,0,0,0.0,0.0,0.0,0.0,0.0,0.0,0.0,0.0,aa_system_average,-0.13,-35.1,-70.7,-10779.6,-1197733.35,0.0
hub_spoke,SkyWest_unresolved,DCA,unknown,recent,2,0,2,0,0,0,0,0.0,0.0,0.0,0.0,0.0,0.0,0.0,0.0,aa_system_average,-0.21,-12.7,-25.5,-3935.21,-1967604.51,0.0
hub_spoke,SkyWest_unresolved,DFW,adverse,baseline,2420,333,2001,508,0,134,21,30100.0,3833.0,0.1376,0.2099,0.0,0.0554,0.0087,0.3475,aa_system_average,133.03,12018.7,-40227.4,-2826893.52,-1168137.82,0.1029
hub_spoke,SkyWest_unresolved,DFW,adverse,recent,2904,501,2316,655,4,183,44,38698.0,7516.0,0.1725,0.2256,0.0014,0.063,0.0152,0.3981,aa_system_average,199.64,17701.8,-33676.7,-1565838.59,-539200.62,0.1191
hub_spoke,SkyWest_unresolved,DFW,benign,baseline,40381,397,39897,2835,2,1657,380,351737.0,68667.0,0.0098,0.0702,0.0,0.041,0.0094,0.08,aa_system_average,-122.4,112458.3,-321163.4,-21227134.92,-525671.35,0.0326
hub_spoke,SkyWest_unresolved,DFW,benign,recent,45961,1060,44746,4289,15,2279,614,465775.0,114936.0,0.0231,0.0933,0.0003,0.0496,0.0134,0.1164,aa_system_average,179.19,186426.9,-315383.6,-13044157.62,-283809.26,0.0448
hub_spoke,SkyWest_unresolved,DFW,marginal,baseline,4567,285,4226,574,0,223,59,51704.0,9553.0,0.0624,0.1257,0.0,0.0488,0.0129,0.1881,aa_system_average,118.78,20250.5,-40436.8,-2016290.15,-441491.17,0.0625
hub_spoke,SkyWest_unresolved,DFW,marginal,recent,4842,437,4345,741,0,294,76,58839.0,12962.0,0.0903,0.153,0.0,0.0607,0.0157,0.2433,aa_system_average,135.25,25410.9,-39345.0,-1376776.41,-284340.44,0.0799
hub_spoke,SkyWest_unresolved,DFW,unknown,baseline,1439,14,1421,108,0,62,18,15446.0,3369.0,0.0097,0.0751,0.0,0.0431,0.0125,0.0848,aa_system_average,-30.21,6049.2,-9228.2,-331320.77,-230243.76,0.0351
hub_spoke,SkyWest_unresolved,DFW,unknown,recent,1690,84,1596,146,0,79,14,15862.0,2356.0,0.0497,0.0864,0.0,0.0467,0.0083,0.1361,aa_system_average,7.55,4120.0,-13579.7,-958439.57,-567124.01,0.0478
hub_spoke,SkyWest_unresolved,JFK,adverse,baseline,252,33,215,46,0,19,0,4509.0,0.0,0.131,0.1825,0.0,0.0754,0.0,0.3135,aa_system_average,26.92,3203.5,-2171.9,112346.76,445820.46,0.0972
hub_spoke,SkyWest_unresolved,JFK,adverse,recent,74,3,69,16,0,5,0,1084.0,0.0,0.0405,0.2162,0.0,0.0676,0.0,0.2568,aa_system_average,0.97,269.8,-959.0,-69712.66,-942062.93,0.0811
hub_spoke,SkyWest_unresolved,JFK,benign,baseline,3881,59,3818,377,0,233,0,50151.0,0.0,0.0152,0.0971,0.0,0.06,0.0,0.1123,aa_system_average,24.8,29116.6,-22188.1,710539.32,183081.51,0.0431
hub_spoke,SkyWest_unresolved,JFK,benign,recent,752,4,748,47,0,33,0,6817.0,0.0,0.0053,0.0625,0.0,0.0439,0.0,0.0678,aa_system_average,-4.09,2510.3,-4943.4,-248223.22,-330084.06,0.0279
hub_spoke,SkyWest_unresolved,JFK,marginal,baseline,711,41,667,105,0,53,0,9405.0,0.0,0.0577,0.1477,0.0,0.0745,0.0,0.2053,aa_system_average,27.74,4633.8,-5139.6,-43537.63,-61234.37,0.07
hub_spoke,SkyWest_unresolved,JFK,marginal,recent,171,6,165,19,0,12,0,1872.0,0.0,0.0351,0.1111,0.0,0.0702,0.0,0.1462,aa_system_average,1.94,589.3,-1278.0,-69376.59,-405711.04,0.0541
hub_spoke,SkyWest_unresolved,JFK,unknown,baseline,128,8,120,15,0,12,0,1642.0,0.0,0.0625,0.1172,0.0,0.0938,0.0,0.1797,aa_system_average,6.17,687.8,-971.3,-27047.93,-211311.94,0.0684
hub_spoke,SkyWest_unresolved,JFK,unknown,recent,26,0,26,0,0,0,0,201.0,0.0,0.0,0.0,0.0,0.0,0.0,0.0,aa_system_average,-0.75,98.1,-148.9,-5365.78,-206376.32,0.0
hub_spoke,SkyWest_unresolved,LAX,adverse,baseline,3661,96,3522,363,0,143,50,35357.0,9863.0,0.0262,0.0992,0.0,0.0391,0.0137,0.1254,aa_system_average,66.89,5746.0,-21189.4,-1549311.86,-423193.62,0.0445
hub_spoke,SkyWest_unresolved,LAX,adverse,recent,2730,84,2591,275,0,103,41,25369.0,7034.0,0.0308,0.1007,0.0,0.0377,0.015,0.1315,aa_system_average,16.5,5003.7,-15751.7,-1086734.71,-398071.32,0.0461
hub_spoke,SkyWest_unresolved,LAX,benign,baseline,57252,109,57048,2586,5,1223,645,270491.0,121143.0,0.0019,0.0452,0.0001,0.0214,0.0113,0.0471,aa_system_average,-172.37,-97298.5,-425017.5,-53086311.31,-927239.42,0.0199
hub_spoke,SkyWest_unresolved,LAX,benign,recent,62229,245,61889,2751,7,1463,672,317481.0,118384.0,0.0039,0.0442,0.0001,0.0235,0.0108,0.0481,aa_system_average,-103.7,-116444.9,-451795.1,-57730226.95,-927706.17,0.0206
hub_spoke,SkyWest_unresolved,LAX,marginal,baseline,11792,139,11588,817,5,305,203,66314.0,38874.0,0.0118,0.0693,0.0004,0.0259,0.0172,0.0811,aa_system_average,23.15,-18990.0,-67390.6,-8764848.81,-743287.72,0.031
hub_spoke,SkyWest_unresolved,LAX,marginal,recent,11181,136,10988,771,4,331,200,80566.0,32307.0,0.0122,0.069,0.0004,0.0296,0.0179,0.0811,aa_system_average,17.34,-13228.6,-82699.5,-9735968.63,-870760.1,0.0322
hub_spoke,SkyWest_unresolved,LAX,unknown,baseline,2156,4,2140,99,0,50,20,8506.0,5087.0,0.0019,0.0459,0.0,0.0232,0.0093,0.0478,aa_system_average,-28.12,-5432.0,-18319.2,-2419714.08,-1122316.37,0.0201
hub_spoke,SkyWest_unresolved,LAX,unknown,recent,2388,10,2372,114,3,55,32,12351.0,5080.0,0.0042,0.0477,0.0013,0.023,0.0134,0.0519,aa_system_average,-15.02,-1623.1,-20519.2,-2252632.76,-943313.55,0.0221
hub_spoke,SkyWest_unresolved,ORD,adverse,baseline,6218,664,5440,1321,0,378,376,78727.0,68673.0,0.1068,0.2124,0.0,0.0608,0.0605,0.3192,aa_system_average,390.07,31053.3,-18882.7,1345843.58,216443.16,0.1101
hub_spoke,SkyWest_unresolved,ORD,adverse,recent,5773,849,4785,1509,10,413,390,97363.0,78075.0,0.1471,0.2614,0.0017,0.0715,0.0676,0.4085,aa_system_average,236.7,59634.4,3680.9,6495998.33,1125237.89,0.1369
hub_spoke,SkyWest_unresolved,ORD,benign,baseline,82181,777,81249,6701,5,3045,2510,634550.0,441863.0,0.0095,0.0815,0.0001,0.0371,0.0305,0.091,aa_system_average,107.93,197117.6,-233356.8,-3649407.28,-44406.95,0.0396
hub_spoke,SkyWest_unresolved,ORD,benign,recent,104778,1444,103109,11397,61,5205,3519,1132732.0,599538.0,0.0138,0.1088,0.0006,0.0497,0.0336,0.1226,aa_system_average,118.98,622247.8,-341125.9,28579607.71,272763.44,0.0515
hub_spoke,SkyWest_unresolved,ORD,marginal,baseline,15089,467,14553,1990,1,720,707,150684.0,117064.0,0.0309,0.1319,0.0001,0.0477,0.0469,0.1628,aa_system_average,142.79,62555.9,-24544.1,3900108.81,258473.64,0.0644
hub_spoke,SkyWest_unresolved,ORD,marginal,recent,18453,805,17544,3901,9,1305,1206,280609.0,217175.0,0.0436,0.2114,0.0005,0.0707,0.0654,0.255,aa_system_average,174.36,171305.5,-3116.1,17127685.54,928178.92,0.0978
hub_spoke,SkyWest_unresolved,ORD,unknown,baseline,3116,5,3103,242,0,117,99,26012.0,15445.0,0.0016,0.0777,0.0,0.0375,0.0318,0.0793,aa_system_average,-23.44,8036.3,-12865.8,-497017.98,-159505.13,0.0371
hub_spoke,SkyWest_unresolved,ORD,unknown,recent,3976,222,3742,610,1,202,208,45107.0,42290.0,0.0558,0.1534,0.0003,0.0508,0.0523,0.2093,aa_system_average,31.7,19039.9,1497.3,2094361.37,526750.85,0.0781
hub_spoke,SkyWest_unresolved,PHL,adverse,baseline,19,1,18,3,0,1,0,78.0,0.0,0.0526,0.1579,0.0,0.0526,0.0,0.2105,aa_system_average,-0.33,-103.4,-251.9,-36171.1,-1903741.86,0.0658
hub_spoke,SkyWest_unresolved,PHL,adverse,recent,18,0,18,6,0,2,0,629.0,0.0,0.0,0.3333,0.0,0.1111,0.0,0.3333,aa_system_average,-1.61,404.2,-293.5,10783.32,599073.29,0.1111
hub_spoke,SkyWest_unresolved,PHL,benign,baseline,267,2,264,24,0,21,0,3093.0,0.0,0.0075,0.0899,0.0,0.0787,0.0,0.0974,aa_system_average,-1.41,1425.0,-2421.4,-101580.84,-380452.59,0.044
hub_spoke,SkyWest_unresolved,PHL,benign,recent,133,0,133,12,0,9,0,3213.0,0.0,0.0,0.0902,0.0,0.0677,0.0,0.0902,aa_system_average,-2.29,2254.6,-1369.3,89245.71,671020.36,0.0395
hub_spoke,SkyWest_unresolved,PHL,marginal,baseline,88,1,87,11,0,7,0,955.0,0.0,0.0114,0.125,0.0,0.0795,0.0,0.1364,aa_system_average,-1.03,308.7,-1063.5,-76942.8,-874350.05,0.054
hub_spoke,SkyWest_unresolved,PHL,marginal,recent,62,0,62,12,0,8,0,1366.0,0.0,0.0,0.1935,0.0,0.129,0.0,0.1935,aa_system_average,-2.62,829.6,-781.5,4141.63,66800.55,0.0806
hub_spoke,SkyWest_unresolved,PHL,unknown,baseline,13,0,13,2,0,2,0,173.0,0.0,0.0,0.1538,0.0,0.1538,0.0,0.1538,aa_system_average,-0.28,99.0,-96.5,171.96,13227.56,0.0769
hub_spoke,SkyWest_unresolved,PHL,unknown,recent,7,0,7,3,0,3,0,298.0,0.0,0.0,0.4286,0.0,0.4286,0.0,0.4286,aa_system_average,-0.28,254.9,-78.3,17857.44,2551063.37,0.2143
hub_spoke,SkyWest_unresolved,PHX,adverse,baseline,1153,52,1063,141,0,50,8,12417.0,3213.0,0.0451,0.1223,0.0,0.0434,0.0069,0.1674,aa_system_average,27.87,2428.8,-9263.4,-686143.82,-595094.38,0.0544
hub_spoke,SkyWest_unresolved,PHX,adverse,recent,1114,75,1009,170,1,67,11,22889.0,2011.0,0.0673,0.1526,0.0009,0.0601,0.0099,0.2199,aa_system_average,29.96,13270.5,-7988.3,544818.73,489065.28,0.0725
hub_spoke,SkyWest_unresolved,PHX,benign,baseline,43066,55,42969,1880,2,1282,385,290565.0,68392.0,0.0013,0.0437,0.0,0.0298,0.0089,0.0449,aa_system_average,-112.82,38018.8,-250233.1,-21580760.75,-501109.01,0.0209
hub_spoke,SkyWest_unresolved,PHX,benign,recent,45812,242,45520,2759,17,1790,555,396908.0,104204.0,0.0053,0.0602,0.0004,0.0391,0.0121,0.0655,aa_system_average,11.11,153414.0,-197153.1,-4438284.83,-96880.4,0.0292
hub_spoke,SkyWest_unresolved,PHX,marginal,baseline,3202,21,3162,206,0,122,27,28081.0,6055.0,0.0066,0.0643,0.0,0.0381,0.0084,0.0709,aa_system_average,-9.56,5126.0,-25006.3,-2021413.62,-631297.19,0.0294
hub_spoke,SkyWest_unresolved,PHX,marginal,recent,3283,55,3209,349,0,196,65,39119.0,11504.0,0.0168,0.1063,0.0,0.0597,0.0198,0.1231,aa_system_average,15.66,16964.8,-10370.3,674043.8,205313.37,0.0506
hub_spoke,SkyWest_unresolved,PHX,unknown,baseline,1387,5,1380,47,0,35,8,6813.0,1272.0,0.0036,0.0339,0.0,0.0252,0.0058,0.0375,aa_system_average,-7.07,-2199.2,-7810.0,-1018360.59,-734218.16,0.0171
hub_spoke,SkyWest_unresolved,PHX,unknown,recent,1620,3,1614,88,0,44,21,7971.0,2937.0,0.0019,0.0543,0.0,0.0272,0.013,0.0562,aa_system_average,-10.54,-2623.3,-6931.5,-973193.9,-600736.98,0.0241
